split	group	src_group	safe_id	clone_id	donor_id	n_leaves
train	group_000	group_000	PRJEB40825|human|AHLGSYYNNWFDP	PRJEB40825|human|AHLGSYYNNWFDP	PRJEB40825	34
train	group_001	group_001	PRJEB40825|human|AHRDYFDY	PRJEB40825|human|AHRDYFDY	PRJEB40825	18
train	group_002	group_002	PRJEB40825|human|AHRNDYSANVYFDY	PRJEB40825|human|AHRNDYSANVYFDY	PRJEB40825	22
train	group_003	group_003	PRJEB40825|human|AK	PRJEB40825|human|AK	PRJEB40825	21
train	group_004	group_004	PRJEB40825|human|AKGPSYDFWYSGGKYFDY	PRJEB40825|human|AKGPSYDFWYSGGKYFDY	PRJEB40825	23
train	group_005	group_005	PRJEB40825|human|ALIIVGATSFDY	PRJEB40825|human|ALIIVGATSFDY	PRJEB40825	16
train	group_006	group_006	PRJEB40825|human|ARDFPHYVN	PRJEB40825|human|ARDFPHYVN	PRJEB40825	55
train	group_007	group_007	PRJEB40825|human|ARDLEHPGGFDY	PRJEB40825|human|ARDLEHPGGFDY	PRJEB40825	18
train	group_008	group_008	PRJEB40825|human|ARDRGRFWDDAINY	PRJEB40825|human|ARDRGRFWDDAINY	PRJEB40825	17
train	group_009	group_009	PRJEB40825|human|ARDSSSWSY	PRJEB40825|human|ARDSSSWSY	PRJEB40825	17
train	group_010	group_010	PRJEB40825|human|ARGGGGSSYYFNY	PRJEB40825|human|ARGGGGSSYYFNY	PRJEB40825	22
train	group_011	group_011	PRJEB40825|human|ARGGYCGTTSVEYCDWFDP	PRJEB40825|human|ARGGYCGTTSVEYCDWFDP	PRJEB40825	16
train	group_012	group_012	PRJEB40825|human|ARGLLWWFDP	PRJEB40825|human|ARGLLWWFDP	PRJEB40825	26
train	group_013	group_013	PRJEB40825|human|ARGLRQLILYFSFHDGMD	PRJEB40825|human|ARGLRQLILYFSFHDGMD	PRJEB40825	26
train	group_014	group_014	PRJEB40825|human|ARGPSWGVTPFDY	PRJEB40825|human|ARGPSWGVTPFDY	PRJEB40825	18
train	group_015	group_015	PRJEB40825|human|ARGREGTWIQLYYYHYRNGMDV	PRJEB40825|human|ARGREGTWIQLYYYHYRNGMDV	PRJEB40825	20
train	group_016	group_016	PRJEB40825|human|ARGSGWLFP	PRJEB40825|human|ARGSGWLFP	PRJEB40825	27
train	group_017	group_017	PRJEB40825|human|ARPVQVAGIGGHYYFDS	PRJEB40825|human|ARPVQVAGIGGHYYFDS	PRJEB40825	20
train	group_018	group_018	PRJEB40825|human|ARQAYADYEVPHFDY	PRJEB40825|human|ARQAYADYEVPHFDY	PRJEB40825	16
train	group_019	group_019	PRJEB40825|human|ARRGLDSVGRGFDY	PRJEB40825|human|ARRGLDSVGRGFDY	PRJEB40825	19
train	group_020	group_020	PRJEB40825|human|ARRYSRTYIGFGYFDY	PRJEB40825|human|ARRYSRTYIGFGYFDY	PRJEB40825	17
train	group_021	group_021	PRJEB40825|human|ARSADILTGFGRNHWPASVYYMDV	PRJEB40825|human|ARSADILTGFGRNHWPASVYYMDV	PRJEB40825	16
train	group_022	group_022	PRJEB40825|human|ARVPQRADDFSPGWYGMDV	PRJEB40825|human|ARVPQRADDFSPGWYGMDV	PRJEB40825	21
train	group_023	group_023	PRJEB40825|human|ASHGVGGSYYGY	PRJEB40825|human|ASHGVGGSYYGY	PRJEB40825	23
train	group_024	group_024	PRJEB40825|human|ASSQLMSTIH	PRJEB40825|human|ASSQLMSTIH	PRJEB40825	26
train	group_025	group_025	PRJEB40825|human|THHPPYGSTSGSHFDY	PRJEB40825|human|THHPPYGSTSGSHFDY	PRJEB40825	16
train	group_026	group_026	PRJEB51634|human|AK	PRJEB51634|human|AK	PRJEB51634	34
train	group_027	group_027	PRJEB53053|human|AK	PRJEB53053|human|AK	PRJEB53053	24
train	group_028	group_028	PRJEB53053|human|AKETGVAYYFDY	PRJEB53053|human|AKETGVAYYFDY	PRJEB53053	29
train	group_029	group_029	PRJEB53053|human|ARDLSTNWHGWYFDL	PRJEB53053|human|ARDLSTNWHGWYFDL	PRJEB53053	22
train	group_030	group_030	PRJEB53053|human|ARGWGMVRSTPWGDLFDI	PRJEB53053|human|ARGWGMVRSTPWGDLFDI	PRJEB53053	41
train	group_031	group_031	PRJEB53053|human|ARIPEVQGIFSGFDY	PRJEB53053|human|ARIPEVQGIFSGFDY	PRJEB53053	32
train	group_032	group_032	PRJEB53053|human|ARLGGVDNWGNRPASWYFDL	PRJEB53053|human|ARLGGVDNWGNRPASWYFDL	PRJEB53053	17
train	group_033	group_033	PRJEB53053|human|ARMGRIDNNYSGWDH	PRJEB53053|human|ARMGRIDNNYSGWDH	PRJEB53053	26
train	group_034	group_034	PRJEB53053|human|ARPRGHFDLWLPLDY	PRJEB53053|human|ARPRGHFDLWLPLDY	PRJEB53053	17
train	group_035	group_035	PRJEB53053|human|ARRGDHSTTWPFDY	PRJEB53053|human|ARRGDHSTTWPFDY	PRJEB53053	22
train	group_036	group_036	PRJEB53053|human|ARRNGHSTTWDFDY	PRJEB53053|human|ARRNGHSTTWDFDY	PRJEB53053	20
train	group_037	group_037	PRJEB53053|human|ARRNGHTTTWDFDF	PRJEB53053|human|ARRNGHTTTWDFDF	PRJEB53053	29
train	group_038	group_038	PRJEB53053|human|ARRNGHTTTWDFDY	PRJEB53053|human|ARRNGHTTTWDFDY	PRJEB53053	60
train	group_039	group_039	PRJEB53053|human|ARVAGSGPYFIYYMDV	PRJEB53053|human|ARVAGSGPYFIYYMDV	PRJEB53053	22
train	group_040	group_040	PRJEB53053|human|ARVTVSQPEWIILDTYVDY	PRJEB53053|human|ARVTVSQPEWIILDTYVDY	PRJEB53053	21
train	group_041	group_041	PRJEB53053|human|ASPDDRFDLWLPFDY	PRJEB53053|human|ASPDDRFDLWLPFDY	PRJEB53053	49
train	group_042	group_042	PRJEB53053|human|ASPDVPFDLWLPFDY	PRJEB53053|human|ASPDVPFDLWLPFDY	PRJEB53053	22
train	group_043	group_043	PRJEB53053|human|QQRSNWPLT	PRJEB53053|human|QQRSNWPLT	PRJEB53053	17
train	group_044	group_044	PRJEB53053|human|QQSYSTPLT	PRJEB53053|human|QQSYSTPLT	PRJEB53053	16
train	group_045	group_045	PRJEB53053|human|QQYGSSPLT	PRJEB53053|human|QQYGSSPLT	PRJEB53053	19
train	group_046	group_046	PRJEB53053|human|QQYGSSPRT	PRJEB53053|human|QQYGSSPRT	PRJEB53053	22
train	group_047	group_047	PRJEB53053|human|QQYGSSPT	PRJEB53053|human|QQYGSSPT	PRJEB53053	21
train	group_048	group_048	PRJEB53053|human|QQYGTSPT	PRJEB53053|human|QQYGTSPT	PRJEB53053	27
train	group_049	group_049	PRJEB53053|human|QQYYSTPLT	PRJEB53053|human|QQYYSTPLT	PRJEB53053	16
train	group_050	group_050	PRJEB53053|human|QQYYSTPYT	PRJEB53053|human|QQYYSTPYT	PRJEB53053	18
train	group_051	group_051	PRJEB53053|human|VKDRRYDFYYFGSRGFDS	PRJEB53053|human|VKDRRYDFYYFGSRGFDS	PRJEB53053	29
train	group_052	group_052	PRJEB53053|human|VRGAMPVPFTGGGFDS	PRJEB53053|human|VRGAMPVPFTGGGFDS	PRJEB53053	19
train	group_053	group_053	PRJEB61178|human|ARGLTYYYDGSSYCFDY	PRJEB61178|human|ARGLTYYYDGSSYCFDY	PRJEB61178	19
train	group_054	group_054	SRR10596378|human|AK	SRR10596378|human|AK	SRR10596378	22
train	group_055	group_055	SRR10596382|human|AK	SRR10596382|human|AK	SRR10596382	23
train	group_056	group_056	SRR10596387|human|AK	SRR10596387|human|AK	SRR10596387	24
test	group_000	group_057	SRR10596391|human|AK	SRR10596391|human|AK	SRR10596391	23
train	group_057	group_058	SRR10596395|human|AK	SRR10596395|human|AK	SRR10596395	20
train	group_058	group_059	SRR10596400|human|AK	SRR10596400|human|AK	SRR10596400	27
train	group_059	group_060	SRR10596404|human|AK	SRR10596404|human|AK	SRR10596404	21
train	group_060	group_061	SRR10596409|human|AK	SRR10596409|human|AK	SRR10596409	23
train	group_061	group_062	SRR12875362|human|QTWGTGIRV	SRR12875362|human|QTWGTGIRV	SRR12875362	17
train	group_062	group_063	SRR14978396|human|ATSSTTVLTVPHAAFDI	SRR14978396|human|ATSSTTVLTVPHAAFDI	SRR14978396	19
train	group_063	group_064	SRR14978397|human|ATSSTTVLTVPHAAFDI	SRR14978397|human|ATSSTTVLTVPHAAFDI	SRR14978397	33
val	group_000	group_065	SRR17729673|human|ARDRSGDYGYYPYGMDV	SRR17729673|human|ARDRSGDYGYYPYGMDV	SRR17729673	37
val	group_001	group_066	SRR17729673|human|ARVGLGDSSGPYGTYFDY	SRR17729673|human|ARVGLGDSSGPYGTYFDY	SRR17729673	29
val	group_002	group_067	SRR17729673|human|ARVSYQAYWFDP	SRR17729673|human|ARVSYQAYWFDP	SRR17729673	16
test	group_001	group_068	SRR17729674|human|AKQQGLYSMPNYYFDY	SRR17729674|human|AKQQGLYSMPNYYFDY	SRR17729674	16
test	group_002	group_069	SRR17729674|human|ARDSGDFDY	SRR17729674|human|ARDSGDFDY	SRR17729674	26
train	group_064	group_070	SRR17729677|human|ARSSSGGSYSHFDY	SRR17729677|human|ARSSSGGSYSHFDY	SRR17729677	18
test	group_003	group_071	SRR17729678|human|ARSSSGGSYSHFDY	SRR17729678|human|ARSSSGGSYSHFDY	SRR17729678	17
train	group_065	group_072	SRR17729679|human|ARGFDY	SRR17729679|human|ARGFDY	SRR17729679	46
test	group_004	group_073	SRR17729680|human|ARPASGNNYGWFDP	SRR17729680|human|ARPASGNNYGWFDP	SRR17729680	33
test	group_005	group_074	SRR17729680|human|ARPHSGSFYGAFDY	SRR17729680|human|ARPHSGSFYGAFDY	SRR17729680	27
train	group_066	group_075	SRR17729682|human|ARPASGNNYGWFDP	SRR17729682|human|ARPASGNNYGWFDP	SRR17729682	34
train	group_067	group_076	SRR17729682|human|ARPHSGSFYGAFDY	SRR17729682|human|ARPHSGSFYGAFDY	SRR17729682	24
train	group_068	group_077	SRR17729689|human|AKSRSGSLYSAFDI	SRR17729689|human|AKSRSGSLYSAFDI	SRR17729689	21
train	group_069	group_078	SRR17729689|human|ARGFDY	SRR17729689|human|ARGFDY	SRR17729689	18
train	group_070	group_079	SRR17729689|human|ARGLSGNYPYIWFDP	SRR17729689|human|ARGLSGNYPYIWFDP	SRR17729689	16
train	group_071	group_080	SRR17729689|human|ARTNSGNFYGCFDY	SRR17729689|human|ARTNSGNFYGCFDY	SRR17729689	16
train	group_072	group_081	SRR17729690|human|ARDLQYYGMDV	SRR17729690|human|ARDLQYYGMDV	SRR17729690	23
train	group_073	group_082	SRR17729690|human|ARDLRVSVGASDY	SRR17729690|human|ARDLRVSVGASDY	SRR17729690	18
train	group_074	group_083	SRR17729691|human|AKGFGSYWYFDL	SRR17729691|human|AKGFGSYWYFDL	SRR17729691	22
train	group_075	group_084	SRR17729691|human|AREAVVALDF	SRR17729691|human|AREAVVALDF	SRR17729691	16
train	group_076	group_085	SRR17729692|human|ARWPGQGYFDY	SRR17729692|human|ARWPGQGYFDY	SRR17729692	20
train	group_077	group_086	SRR17729694|human|ARDPTGRLIGYYFDY	SRR17729694|human|ARDPTGRLIGYYFDY	SRR17729694	19
train	group_078	group_087	SRR17729695|human|ARDPTGRLIGYYFDY	SRR17729695|human|ARDPTGRLIGYYFDY	SRR17729695	32
train	group_079	group_088	SRR17729699|human|AKGAGGGMDV	SRR17729699|human|AKGAGGGMDV	SRR17729699	21
train	group_080	group_089	SRR17729699|human|ARDLWGVFGYRGTQPVY	SRR17729699|human|ARDLWGVFGYRGTQPVY	SRR17729699	17
train	group_081	group_090	SRR17729699|human|ARDPSRFGDATVGMDV	SRR17729699|human|ARDPSRFGDATVGMDV	SRR17729699	16
train	group_082	group_091	SRR17729699|human|ARDPTGRLIGYYFDY	SRR17729699|human|ARDPTGRLIGYYFDY	SRR17729699	17
train	group_083	group_092	SRR17729699|human|ARGPGWGVVAASYYYNYSMDV	SRR17729699|human|ARGPGWGVVAASYYYNYSMDV	SRR17729699	16
train	group_084	group_093	SRR17729699|human|ARVPAPDYYDSPYYDNDVGDY	SRR17729699|human|ARVPAPDYYDSPYYDNDVGDY	SRR17729699	16
test	group_006	group_094	SRR17729700|human|ARGSPHSTAVNFDY	SRR17729700|human|ARGSPHSTAVNFDY	SRR17729700	21
test	group_007	group_095	SRR17729700|human|ARWYLVYGDDGSNYGMDV	SRR17729700|human|ARWYLVYGDDGSNYGMDV	SRR17729700	20
test	group_008	group_096	SRR17729701|human|ARGSPHSTAVNFDY	SRR17729701|human|ARGSPHSTAVNFDY	SRR17729701	20
test	group_009	group_097	SRR17729701|human|ARWYLVYGDDGSNYGMDV	SRR17729701|human|ARWYLVYGDDGSNYGMDV	SRR17729701	18
train	group_085	group_098	SRR17729703|human|ARHQGSTSDYGHGMNV	SRR17729703|human|ARHQGSTSDYGHGMNV	SRR17729703	16
train	group_086	group_099	SRR17729706|human|AKSGSGNFYDAFDI	SRR17729706|human|AKSGSGNFYDAFDI	SRR17729706	22
train	group_087	group_100	SRR17729707|human|AKSGSGNFYDAFDI	SRR17729707|human|AKSGSGNFYDAFDI	SRR17729707	23
train	group_088	group_101	SRR17729708|human|ARTKSGSWYDYFDY	SRR17729708|human|ARTKSGSWYDYFDY	SRR17729708	22
train	group_089	group_102	SRR17729711|human|AKSRGGNYYYGMDV	SRR17729711|human|AKSRGGNYYYGMDV	SRR17729711	17
train	group_090	group_103	SRR17729714|human|AK	SRR17729714|human|AK	SRR17729714	21
train	group_091	group_104	SRR17729714|human|AKFGDYDFWSGLDVRDYRYMDV	SRR17729714|human|AKFGDYDFWSGLDVRDYRYMDV	SRR17729714	29
train	group_092	group_105	SRR17729714|human|AKMMFGGWSGFDY	SRR17729714|human|AKMMFGGWSGFDY	SRR17729714	17
train	group_093	group_106	SRR17729714|human|ARAGS	SRR17729714|human|ARAGS	SRR17729714	28
train	group_094	group_107	SRR17729714|human|ARATSGWYRPARNWFDL	SRR17729714|human|ARATSGWYRPARNWFDL	SRR17729714	22
train	group_095	group_108	SRR17729714|human|ARATWFGHFDY	SRR17729714|human|ARATWFGHFDY	SRR17729714	32
train	group_096	group_109	SRR17729714|human|ARAVWVRGVRMDV	SRR17729714|human|ARAVWVRGVRMDV	SRR17729714	20
train	group_097	group_110	SRR17729714|human|ARAYGSGSYYHGYGMDV	SRR17729714|human|ARAYGSGSYYHGYGMDV	SRR17729714	25
train	group_098	group_111	SRR17729714|human|ARDGGYSYGAYFDY	SRR17729714|human|ARDGGYSYGAYFDY	SRR17729714	16
train	group_099	group_112	SRR17729714|human|ARDKGEGSSGWSGSPILYYFDY	SRR17729714|human|ARDKGEGSSGWSGSPILYYFDY	SRR17729714	27
train	group_100	group_113	SRR17729714|human|ARDLGGTSGLSGYFDY	SRR17729714|human|ARDLGGTSGLSGYFDY	SRR17729714	16
train	group_101	group_114	SRR17729714|human|ARDLNGGRGP	SRR17729714|human|ARDLNGGRGP	SRR17729714	32
train	group_102	group_115	SRR17729714|human|ARDPNAGYYYMDV	SRR17729714|human|ARDPNAGYYYMDV	SRR17729714	24
train	group_103	group_116	SRR17729714|human|ARDPTTSGYYYTRPGSYAFDI	SRR17729714|human|ARDPTTSGYYYTRPGSYAFDI	SRR17729714	21
train	group_104	group_117	SRR17729714|human|AREGGVGTATGFDI	SRR17729714|human|AREGGVGTATGFDI	SRR17729714	19
train	group_105	group_118	SRR17729714|human|ARGDDPRKSGVV	SRR17729714|human|ARGDDPRKSGVV	SRR17729714	27
train	group_106	group_119	SRR17729714|human|ARGRPESSSALWYYMDV	SRR17729714|human|ARGRPESSSALWYYMDV	SRR17729714	20
train	group_107	group_120	SRR17729714|human|ARHWEVAAALYAARFDP	SRR17729714|human|ARHWEVAAALYAARFDP	SRR17729714	21
train	group_108	group_121	SRR17729714|human|ARNDGTYYVRFDP	SRR17729714|human|ARNDGTYYVRFDP	SRR17729714	16
train	group_109	group_122	SRR17729714|human|ARPPVPDVLISNPDAFDI	SRR17729714|human|ARPPVPDVLISNPDAFDI	SRR17729714	29
train	group_110	group_123	SRR17729714|human|ASGDVDIVAIGSNPDAFDI	SRR17729714|human|ASGDVDIVAIGSNPDAFDI	SRR17729714	17
train	group_111	group_124	SRR17729714|human|ASPVIAVGATTFDY	SRR17729714|human|ASPVIAVGATTFDY	SRR17729714	25
train	group_112	group_125	SRR17729714|human|ATDLKGGRGP	SRR17729714|human|ATDLKGGRGP	SRR17729714	24
train	group_113	group_126	SRR17729714|human|GKVRGVTPNIDY	SRR17729714|human|GKVRGVTPNIDY	SRR17729714	35
train	group_114	group_127	SRR17729714|human|VDGYSYGSMDV	SRR17729714|human|VDGYSYGSMDV	SRR17729714	19
train	group_115	group_128	SRR17729714|human|VKGSY	SRR17729714|human|VKGSY	SRR17729714	49
train	group_116	group_129	SRR17729715|human|ARGEGWELPFDY	SRR17729715|human|ARGEGWELPFDY	SRR17729715	22
train	group_117	group_130	SRR17729716|human|ARGEGWELPFDY	SRR17729716|human|ARGEGWELPFDY	SRR17729716	23
train	group_118	group_131	SRR17729725|human|AGLQGVALGYGMDV	SRR17729725|human|AGLQGVALGYGMDV	SRR17729725	19
train	group_119	group_132	SRR17729725|human|AHVPPRLAYMHVMWGNWFDP	SRR17729725|human|AHVPPRLAYMHVMWGNWFDP	SRR17729725	21
train	group_120	group_133	SRR17729725|human|AISPLYDFPPRGGVV	SRR17729725|human|AISPLYDFPPRGGVV	SRR17729725	22
train	group_121	group_134	SRR17729725|human|AK	SRR17729725|human|AK	SRR17729725	18
train	group_122	group_135	SRR17729725|human|AKDGLGAYYYGSSDSFFDY	SRR17729725|human|AKDGLGAYYYGSSDSFFDY	SRR17729725	17
train	group_123	group_136	SRR17729725|human|AKKAGGIALPGDPFDY	SRR17729725|human|AKKAGGIALPGDPFDY	SRR17729725	17
train	group_124	group_137	SRR17729725|human|ARDGSGYYSSDGYVDY	SRR17729725|human|ARDGSGYYSSDGYVDY	SRR17729725	19
train	group_125	group_138	SRR17729725|human|ARDYEVLVVTYFRAYGMDV	SRR17729725|human|ARDYEVLVVTYFRAYGMDV	SRR17729725	42
train	group_126	group_139	SRR17729725|human|ARFHRILSPVNFDY	SRR17729725|human|ARFHRILSPVNFDY	SRR17729725	17
train	group_127	group_140	SRR17729725|human|ARGGYTTWGYDFDY	SRR17729725|human|ARGGYTTWGYDFDY	SRR17729725	54
train	group_128	group_141	SRR17729725|human|ARGWGGSPHVYWFDP	SRR17729725|human|ARGWGGSPHVYWFDP	SRR17729725	20
train	group_129	group_142	SRR17729725|human|ARRLGGWLAHLDY	SRR17729725|human|ARRLGGWLAHLDY	SRR17729725	17
train	group_130	group_143	SRR17729725|human|ARVNSGRIIDY	SRR17729725|human|ARVNSGRIIDY	SRR17729725	21
train	group_131	group_144	SRR17729725|human|ASDPAAAGRYRSFYGMDV	SRR17729725|human|ASDPAAAGRYRSFYGMDV	SRR17729725	16
train	group_132	group_145	SRR17729725|human|ASGGNSGDWYFDL	SRR17729725|human|ASGGNSGDWYFDL	SRR17729725	20
train	group_133	group_146	SRR17729725|human|SRERTSASEY	SRR17729725|human|SRERTSASEY	SRR17729725	18
train	group_134	group_147	SRR17729725|human|TTLADWGSLSFDAFDI	SRR17729725|human|TTLADWGSLSFDAFDI	SRR17729725	19
train	group_135	group_148	SRR17729726|human|AITRRSRAVGGDY	SRR17729726|human|AITRRSRAVGGDY	SRR17729726	22
train	group_136	group_149	SRR17729726|human|AK	SRR17729726|human|AK	SRR17729726	41
train	group_137	group_150	SRR17729726|human|AKDKDSGYYVESGVFDY	SRR17729726|human|AKDKDSGYYVESGVFDY	SRR17729726	26
train	group_138	group_151	SRR17729726|human|AKDLWGSWGSIFDY	SRR17729726|human|AKDLWGSWGSIFDY	SRR17729726	22
train	group_139	group_152	SRR17729726|human|AKERFPLMGISYFDS	SRR17729726|human|AKERFPLMGISYFDS	SRR17729726	19
train	group_140	group_153	SRR17729726|human|AKERFPLMGVSYFDS	SRR17729726|human|AKERFPLMGVSYFDS	SRR17729726	47
train	group_141	group_154	SRR17729726|human|ALRGVSGQLWLGRNSKVHYFDY	SRR17729726|human|ALRGVSGQLWLGRNSKVHYFDY	SRR17729726	22
train	group_142	group_155	SRR17729726|human|AMPSYYGMDV	SRR17729726|human|AMPSYYGMDV	SRR17729726	34
train	group_143	group_156	SRR17729726|human|ARARKYYYDTPYYGSAAFDI	SRR17729726|human|ARARKYYYDTPYYGSAAFDI	SRR17729726	38
train	group_144	group_157	SRR17729726|human|ARAVWLRGSIDY	SRR17729726|human|ARAVWLRGSIDY	SRR17729726	30
train	group_145	group_158	SRR17729726|human|ARDGREEDTGVDI	SRR17729726|human|ARDGREEDTGVDI	SRR17729726	16
train	group_146	group_159	SRR17729726|human|ARDLTFYDSSLSMEDWYGMDV	SRR17729726|human|ARDLTFYDSSLSMEDWYGMDV	SRR17729726	25
train	group_147	group_160	SRR17729726|human|ARDLTRCSSTPYCSAVIDP	SRR17729726|human|ARDLTRCSSTPYCSAVIDP	SRR17729726	16
train	group_148	group_161	SRR17729726|human|ARDPWSGISHPFDY	SRR17729726|human|ARDPWSGISHPFDY	SRR17729726	36
train	group_149	group_162	SRR17729726|human|ARDQGYYYDSSPDYYGSWFDY	SRR17729726|human|ARDQGYYYDSSPDYYGSWFDY	SRR17729726	25
train	group_150	group_163	SRR17729726|human|ARDRFRFGWFEDSFDS	SRR17729726|human|ARDRFRFGWFEDSFDS	SRR17729726	51
train	group_151	group_164	SRR17729726|human|ARDRGTFYYDSSSRHSHGNWFDP	SRR17729726|human|ARDRGTFYYDSSSRHSHGNWFDP	SRR17729726	16
train	group_152	group_165	SRR17729726|human|ARDRLRFGWFEDSFDS	SRR17729726|human|ARDRLRFGWFEDSFDS	SRR17729726	18
train	group_153	group_166	SRR17729726|human|ARDRLRFGWFEDSFDY	SRR17729726|human|ARDRLRFGWFEDSFDY	SRR17729726	50
train	group_154	group_167	SRR17729726|human|ARERFPLMGISYFDY	SRR17729726|human|ARERFPLMGISYFDY	SRR17729726	23
train	group_155	group_168	SRR17729726|human|ARETINNWFDS	SRR17729726|human|ARETINNWFDS	SRR17729726	22
train	group_156	group_169	SRR17729726|human|AREVPYYDILPYYGTGALDY	SRR17729726|human|AREVPYYDILPYYGTGALDY	SRR17729726	23
train	group_157	group_170	SRR17729726|human|AREYADSSPLVY	SRR17729726|human|AREYADSSPLVY	SRR17729726	25
train	group_158	group_171	SRR17729726|human|ARFSESNRSWDR	SRR17729726|human|ARFSESNRSWDR	SRR17729726	32
train	group_159	group_172	SRR17729726|human|ARFSEYNRSWDR	SRR17729726|human|ARFSEYNRSWDR	SRR17729726	23
train	group_160	group_173	SRR17729726|human|ARFSEYSRSWDR	SRR17729726|human|ARFSEYSRSWDR	SRR17729726	19
train	group_161	group_174	SRR17729726|human|ARGCSSTSCTNYYYFDY	SRR17729726|human|ARGCSSTSCTNYYYFDY	SRR17729726	18
train	group_162	group_175	SRR17729726|human|ARGGSGWEPFDY	SRR17729726|human|ARGGSGWEPFDY	SRR17729726	29
train	group_163	group_176	SRR17729726|human|ARGRFFYGSYYSGNEFDY	SRR17729726|human|ARGRFFYGSYYSGNEFDY	SRR17729726	22
train	group_164	group_177	SRR17729726|human|ARNPFPTYFYDNHGGRYGMDV	SRR17729726|human|ARNPFPTYFYDNHGGRYGMDV	SRR17729726	17
train	group_165	group_178	SRR17729726|human|ARQPTGLGYLDH	SRR17729726|human|ARQPTGLGYLDH	SRR17729726	16
train	group_166	group_179	SRR17729726|human|ARVGELSPGNFFDP	SRR17729726|human|ARVGELSPGNFFDP	SRR17729726	18
train	group_167	group_180	SRR17729726|human|ARVGIESHFDY	SRR17729726|human|ARVGIESHFDY	SRR17729726	19
train	group_168	group_181	SRR17729726|human|ARWRPGYSSGGDY	SRR17729726|human|ARWRPGYSSGGDY	SRR17729726	23
train	group_169	group_182	SRR17729726|human|ATAGPQFGYKENWFDP	SRR17729726|human|ATAGPQFGYKENWFDP	SRR17729726	25
train	group_170	group_183	SRR17729726|human|ATDWGGYYGY	SRR17729726|human|ATDWGGYYGY	SRR17729726	24
train	group_171	group_184	SRR17729726|human|GRDRGYSDV	SRR17729726|human|GRDRGYSDV	SRR17729726	23
train	group_172	group_185	SRR17729726|human|SSLTHIEGMGY	SRR17729726|human|SSLTHIEGMGY	SRR17729726	16
train	group_173	group_186	SRR17729726|human|TRQGEYYYSAMDV	SRR17729726|human|TRQGEYYYSAMDV	SRR17729726	18
train	group_174	group_187	SRR17729726|human|TRYRHDY	SRR17729726|human|TRYRHDY	SRR17729726	22
train	group_175	group_188	SRR17729726|human|VRETGDSSQWAYFFDY	SRR17729726|human|VRETGDSSQWAYFFDY	SRR17729726	21
train	group_176	group_189	SRR17778090|human|AK	SRR17778090|human|AK	SRR17778090	20
train	group_177	group_190	SRR17778090|human|AKSHWLDENWFDP	SRR17778090|human|AKSHWLDENWFDP	SRR17778090	16
train	group_178	group_191	SRR17778090|human|AKSWIPGNPTMVFDS	SRR17778090|human|AKSWIPGNPTMVFDS	SRR17778090	28
train	group_179	group_192	SRR17778090|human|ARDGGAYCHGGCGYDY	SRR17778090|human|ARDGGAYCHGGCGYDY	SRR17778090	20
train	group_180	group_193	SRR17778090|human|ARDIGLGAFDI	SRR17778090|human|ARDIGLGAFDI	SRR17778090	32
train	group_181	group_194	SRR17778090|human|ARDRSGDYGYYPYGLDV	SRR17778090|human|ARDRSGDYGYYPYGLDV	SRR17778090	18
train	group_182	group_195	SRR17778090|human|ARDRSGDYYPGYYGMD	SRR17778090|human|ARDRSGDYYPGYYGMD	SRR17778090	21
train	group_183	group_196	SRR17778090|human|ARDTGDFDY	SRR17778090|human|ARDTGDFDY	SRR17778090	21
train	group_184	group_197	SRR17778090|human|ARGDTAMAVGYFDY	SRR17778090|human|ARGDTAMAVGYFDY	SRR17778090	24
train	group_185	group_198	SRR17778090|human|ARGGVVPATAAPFDY	SRR17778090|human|ARGGVVPATAAPFDY	SRR17778090	16
train	group_186	group_199	SRR17778090|human|ARGSIAVAGPATTTWFDP	SRR17778090|human|ARGSIAVAGPATTTWFDP	SRR17778090	17
train	group_187	group_200	SRR17778090|human|ARGWGSGYSYVFDY	SRR17778090|human|ARGWGSGYSYVFDY	SRR17778090	31
train	group_188	group_201	SRR17778090|human|ARLITMVRGLGIVYYFDY	SRR17778090|human|ARLITMVRGLGIVYYFDY	SRR17778090	27
train	group_189	group_202	SRR17778090|human|ARQGWGEYFFDY	SRR17778090|human|ARQGWGEYFFDY	SRR17778090	21
train	group_190	group_203	SRR17778090|human|ARRALGGAAVGLFDY	SRR17778090|human|ARRALGGAAVGLFDY	SRR17778090	19
train	group_191	group_204	SRR17778090|human|ARVGLADSSGPYGTYFDY	SRR17778090|human|ARVGLADSSGPYGTYFDY	SRR17778090	22
train	group_192	group_205	SRR17778090|human|ARVGLGDSSGPYGTNFDY	SRR17778090|human|ARVGLGDSSGPYGTNFDY	SRR17778090	24
train	group_193	group_206	SRR17778090|human|ARVSYQAYWFDP	SRR17778090|human|ARVSYQAYWFDP	SRR17778090	34
train	group_194	group_207	SRR17778090|human|ASPPIAVGAYYFDY	SRR17778090|human|ASPPIAVGAYYFDY	SRR17778090	28
train	group_195	group_208	SRR17778090|human|ASVDRSYRYTGSSDYYAYYRN	SRR17778090|human|ASVDRSYRYTGSSDYYAYYRN	SRR17778090	22
val	group_003	group_209	SRR17778096|human|ARGFDY	SRR17778096|human|ARGFDY	SRR17778096	16
val	group_004	group_210	SRR17778097|human|ARPHSGSFYGAFDY	SRR17778097|human|ARPHSGSFYGAFDY	SRR17778097	19
train	group_196	group_211	SRR17778131|human|ARAGS	SRR17778131|human|ARAGS	SRR17778131	16
train	group_197	group_212	SRR17778131|human|ARAGSSGYQLLYYYYSRERYYMDV	SRR17778131|human|ARAGSSGYQLLYYYYSRERYYMDV	SRR17778131	46
train	group_198	group_213	SRR17778131|human|ARATWFGHFDY	SRR17778131|human|ARATWFGHFDY	SRR17778131	21
train	group_199	group_214	SRR17778131|human|ARAYGSGSYYHGYGMDV	SRR17778131|human|ARAYGSGSYYHGYGMDV	SRR17778131	18
train	group_200	group_215	SRR17778131|human|ARDKGEGSSGWSGSPILYYFDY	SRR17778131|human|ARDKGEGSSGWSGSPILYYFDY	SRR17778131	16
train	group_201	group_216	SRR17778131|human|ARDLNGGRGP	SRR17778131|human|ARDLNGGRGP	SRR17778131	16
train	group_202	group_217	SRR17778131|human|ARGMEGLDGYDDPFDP	SRR17778131|human|ARGMEGLDGYDDPFDP	SRR17778131	16
train	group_203	group_218	SRR17778131|human|ARLMDTAMYDYGMDV	SRR17778131|human|ARLMDTAMYDYGMDV	SRR17778131	38
train	group_204	group_219	SRR17778131|human|GKVRGVTPNIDY	SRR17778131|human|GKVRGVTPNIDY	SRR17778131	29
train	group_205	group_220	SRR17778142|human|ARGGYTTWGYDFDY	SRR17778142|human|ARGGYTTWGYDFDY	SRR17778142	22
train	group_206	group_221	SRR17778142|human|ARMSYAYGDFDY	SRR17778142|human|ARMSYAYGDFDY	SRR17778142	49
train	group_207	group_222	SRR17778142|human|SRERTSASEY	SRR17778142|human|SRERTSASEY	SRR17778142	18
val	group_005	group_223	SRR17778143|human|AKDKDSGYYVESGVFDY	SRR17778143|human|AKDKDSGYYVESGVFDY	SRR17778143	16
val	group_006	group_224	SRR17778143|human|AKERFPLMGVSYFDS	SRR17778143|human|AKERFPLMGVSYFDS	SRR17778143	28
val	group_007	group_225	SRR17778143|human|AMPSYYGMDV	SRR17778143|human|AMPSYYGMDV	SRR17778143	20
val	group_008	group_226	SRR17778143|human|ARARKYYYDTPYYGSAAFDI	SRR17778143|human|ARARKYYYDTPYYGSAAFDI	SRR17778143	30
val	group_009	group_227	SRR17778143|human|ARAVWLRGSIDY	SRR17778143|human|ARAVWLRGSIDY	SRR17778143	18
val	group_010	group_228	SRR17778143|human|ARDDILAAAIDY	SRR17778143|human|ARDDILAAAIDY	SRR17778143	44
val	group_011	group_229	SRR17778143|human|ARDLTFYDSSLSMEDWYGMDV	SRR17778143|human|ARDLTFYDSSLSMEDWYGMDV	SRR17778143	18
val	group_012	group_230	SRR17778143|human|ARDRFRFGWFEDSFDS	SRR17778143|human|ARDRFRFGWFEDSFDS	SRR17778143	33
val	group_013	group_231	SRR17778143|human|ARDRLRFGWFDDSFDS	SRR17778143|human|ARDRLRFGWFDDSFDS	SRR17778143	52
val	group_014	group_232	SRR17778143|human|ARDRLRFGWFEDSFDY	SRR17778143|human|ARDRLRFGWFEDSFDY	SRR17778143	30
val	group_015	group_233	SRR17778143|human|ARERFPLMGISYFDY	SRR17778143|human|ARERFPLMGISYFDY	SRR17778143	21
val	group_016	group_234	SRR17778143|human|ARETINNWFDS	SRR17778143|human|ARETINNWFDS	SRR17778143	18
val	group_017	group_235	SRR17778143|human|ARFSESNRSWDR	SRR17778143|human|ARFSESNRSWDR	SRR17778143	18
val	group_018	group_236	SRR17778143|human|ARFSEYNRSWDR	SRR17778143|human|ARFSEYNRSWDR	SRR17778143	17
val	group_019	group_237	SRR17778143|human|ARISYYYGWFDP	SRR17778143|human|ARISYYYGWFDP	SRR17778143	25
val	group_020	group_238	SRR17778143|human|ARSLGDI	SRR17778143|human|ARSLGDI	SRR17778143	20
val	group_021	group_239	SRR17778143|human|ARVDGGIAANKRRNWFDP	SRR17778143|human|ARVDGGIAANKRRNWFDP	SRR17778143	36
val	group_022	group_240	SRR17778143|human|ARVGDLSPGNWFDP	SRR17778143|human|ARVGDLSPGNWFDP	SRR17778143	27
val	group_023	group_241	SRR17778143|human|ARWRPGYSSGGDY	SRR17778143|human|ARWRPGYSSGGDY	SRR17778143	25
test	group_010	group_242	SRR17816505|human|AREYPHIAVAGQIGRFFDY	SRR17816505|human|AREYPHIAVAGQIGRFFDY	SRR17816505	34
test	group_011	group_243	SRR17816505|human|ARFVGGITGYNHYGMDV	SRR17816505|human|ARFVGGITGYNHYGMDV	SRR17816505	23
test	group_012	group_244	SRR17816505|human|ARGEGRSAFDI	SRR17816505|human|ARGEGRSAFDI	SRR17816505	21
test	group_013	group_245	SRR17816505|human|ARGQSIWFEGLLVDY	SRR17816505|human|ARGQSIWFEGLLVDY	SRR17816505	29
test	group_014	group_246	SRR17816505|human|ARHRLRYFDILWGAFDV	SRR17816505|human|ARHRLRYFDILWGAFDV	SRR17816505	43
test	group_015	group_247	SRR17816505|human|ARHRLRYFDLLWGPFDV	SRR17816505|human|ARHRLRYFDLLWGPFDV	SRR17816505	21
test	group_016	group_248	SRR17816505|human|ARHRLRYFDSLWGAFDI	SRR17816505|human|ARHRLRYFDSLWGAFDI	SRR17816505	16
test	group_017	group_249	SRR17816505|human|ASLIKGWLQYFPWYGMDV	SRR17816505|human|ASLIKGWLQYFPWYGMDV	SRR17816505	20
test	group_018	group_250	SRR17816505|human|ASVGQYSGP	SRR17816505|human|ASVGQYSGP	SRR17816505	17
test	group_019	group_251	SRR17816505|human|ATDLTNGPVDPFDM	SRR17816505|human|ATDLTNGPVDPFDM	SRR17816505	20
test	group_020	group_252	SRR17816505|human|VFGSWDY	SRR17816505|human|VFGSWDY	SRR17816505	16
test	group_021	group_253	SRR17816505|human|VRHEFIVSVATWWFDP	SRR17816505|human|VRHEFIVSVATWWFDP	SRR17816505	19
train	group_208	group_254	SRR17816506|human|AK	SRR17816506|human|AK	SRR17816506	20
train	group_209	group_255	SRR17816506|human|AKDAPWIQPQPAY	SRR17816506|human|AKDAPWIQPQPAY	SRR17816506	21
train	group_210	group_256	SRR17816506|human|AKGRSGSTSSCYNY	SRR17816506|human|AKGRSGSTSSCYNY	SRR17816506	22
train	group_211	group_257	SRR17816506|human|ARAPLLPEY	SRR17816506|human|ARAPLLPEY	SRR17816506	16
train	group_212	group_258	SRR17816506|human|ARHRLRYFDSLWGAFDI	SRR17816506|human|ARHRLRYFDSLWGAFDI	SRR17816506	30
train	group_213	group_259	SRR17816506|human|ASVGQYSGP	SRR17816506|human|ASVGQYSGP	SRR17816506	35
train	group_214	group_260	SRR17816506|human|ASWTYDDGGSHFY	SRR17816506|human|ASWTYDDGGSHFY	SRR17816506	16
train	group_215	group_261	SRR17816506|human|MRGWSTPEY	SRR17816506|human|MRGWSTPEY	SRR17816506	47
train	group_216	group_262	SRR17816506|human|TRDSFTGRYYYGMDV	SRR17816506|human|TRDSFTGRYYYGMDV	SRR17816506	20
train	group_217	group_263	SRR17816506|human|VRDADRGGDFDY	SRR17816506|human|VRDADRGGDFDY	SRR17816506	16
val	group_024	group_264	SRR17816507|human|AKDGSSRWQGFDY	SRR17816507|human|AKDGSSRWQGFDY	SRR17816507	19
val	group_025	group_265	SRR17816507|human|AKVGGSGSRANWFDP	SRR17816507|human|AKVGGSGSRANWFDP	SRR17816507	30
val	group_026	group_266	SRR17816507|human|ANYYYGSGSPLYYYGKDV	SRR17816507|human|ANYYYGSGSPLYYYGKDV	SRR17816507	23
val	group_027	group_267	SRR17816507|human|ARAKFVTIGSNKYALFDF	SRR17816507|human|ARAKFVTIGSNKYALFDF	SRR17816507	17
val	group_028	group_268	SRR17816507|human|ARALGGNYYNGMDV	SRR17816507|human|ARALGGNYYNGMDV	SRR17816507	17
val	group_029	group_269	SRR17816507|human|ARATAEDGYNF	SRR17816507|human|ARATAEDGYNF	SRR17816507	17
val	group_030	group_270	SRR17816507|human|ARDKGEVTFDF	SRR17816507|human|ARDKGEVTFDF	SRR17816507	22
val	group_031	group_271	SRR17816507|human|ARDPHGDYAVAY	SRR17816507|human|ARDPHGDYAVAY	SRR17816507	28
val	group_032	group_272	SRR17816507|human|ARDRPRTSFLGVPDH	SRR17816507|human|ARDRPRTSFLGVPDH	SRR17816507	26
val	group_033	group_273	SRR17816507|human|ARGNKGYYGY	SRR17816507|human|ARGNKGYYGY	SRR17816507	40
val	group_034	group_274	SRR17816507|human|ARIAPGSGYGMDV	SRR17816507|human|ARIAPGSGYGMDV	SRR17816507	16
val	group_035	group_275	SRR17816507|human|ARMPPTTAFDY	SRR17816507|human|ARMPPTTAFDY	SRR17816507	17
val	group_036	group_276	SRR17816507|human|ARTSSGNFYGWFDP	SRR17816507|human|ARTSSGNFYGWFDP	SRR17816507	17
val	group_037	group_277	SRR17816507|human|ASNRYVLSWFGANSGDYFEF	SRR17816507|human|ASNRYVLSWFGANSGDYFEF	SRR17816507	17
val	group_038	group_278	SRR17816507|human|ASTIYGRSGGFDY	SRR17816507|human|ASTIYGRSGGFDY	SRR17816507	64
val	group_039	group_279	SRR17816507|human|SRDPQWGRMDV	SRR17816507|human|SRDPQWGRMDV	SRR17816507	18
val	group_040	group_280	SRR17816507|human|VRDLLNPEDPAAFDY	SRR17816507|human|VRDLLNPEDPAAFDY	SRR17816507	17
val	group_041	group_281	SRR17816507|human|VSRYCSGGCRSTFDP	SRR17816507|human|VSRYCSGGCRSTFDP	SRR17816507	16
train	group_218	group_282	SRR17816508|human|AK	SRR17816508|human|AK	SRR17816508	48
train	group_219	group_283	SRR17816508|human|AKDLSGYGGFDV	SRR17816508|human|AKDLSGYGGFDV	SRR17816508	18
train	group_220	group_284	SRR17816508|human|AKTSSYESGSFYSDY	SRR17816508|human|AKTSSYESGSFYSDY	SRR17816508	25
train	group_221	group_285	SRR17816508|human|ARACDDGGCDYYIDY	SRR17816508|human|ARACDDGGCDYYIDY	SRR17816508	17
train	group_222	group_286	SRR17816508|human|ARAFGGSNYAPFDY	SRR17816508|human|ARAFGGSNYAPFDY	SRR17816508	22
train	group_223	group_287	SRR17816508|human|ARAILGYNFGDDS	SRR17816508|human|ARAILGYNFGDDS	SRR17816508	21
train	group_224	group_288	SRR17816508|human|ARDLDVRGGLDV	SRR17816508|human|ARDLDVRGGLDV	SRR17816508	23
train	group_225	group_289	SRR17816508|human|ARDLDVRGGMDV	SRR17816508|human|ARDLDVRGGMDV	SRR17816508	29
train	group_226	group_290	SRR17816508|human|ARESYGMDV	SRR17816508|human|ARESYGMDV	SRR17816508	23
train	group_227	group_291	SRR17816508|human|ARGFGGNYYYMDV	SRR17816508|human|ARGFGGNYYYMDV	SRR17816508	23
train	group_228	group_292	SRR17816508|human|ARGLGGNYYYMDV	SRR17816508|human|ARGLGGNYYYMDV	SRR17816508	22
train	group_229	group_293	SRR17816508|human|ARIQCTSSGCYEES	SRR17816508|human|ARIQCTSSGCYEES	SRR17816508	18
train	group_230	group_294	SRR17816508|human|ARLVLRFDLWLQDAYSYIDS	SRR17816508|human|ARLVLRFDLWLQDAYSYIDS	SRR17816508	24
train	group_231	group_295	SRR17816508|human|ARPSGGNNYSYMDV	SRR17816508|human|ARPSGGNNYSYMDV	SRR17816508	22
train	group_232	group_296	SRR17816508|human|ARPYGGNYYSGLDY	SRR17816508|human|ARPYGGNYYSGLDY	SRR17816508	18
train	group_233	group_297	SRR17816508|human|ARSFDNRGHHYYYEY	SRR17816508|human|ARSFDNRGHHYYYEY	SRR17816508	31
train	group_234	group_298	SRR17816508|human|ARWPGQGYFDS	SRR17816508|human|ARWPGQGYFDS	SRR17816508	20
train	group_235	group_299	SRR17816508|human|ASAQGYRGGK	SRR17816508|human|ASAQGYRGGK	SRR17816508	25
train	group_236	group_300	SRR17816508|human|ASGGAGPHIDY	SRR17816508|human|ASGGAGPHIDY	SRR17816508	19
train	group_237	group_301	SRR17816508|human|ASGIAASVSGDY	SRR17816508|human|ASGIAASVSGDY	SRR17816508	16
train	group_238	group_302	SRR17816508|human|ASRPPAAEYYGVFDY	SRR17816508|human|ASRPPAAEYYGVFDY	SRR17816508	16
train	group_239	group_303	SRR17816508|human|ASRPPATEYYGIFDY	SRR17816508|human|ASRPPATEYYGIFDY	SRR17816508	17
train	group_240	group_304	SRR17816508|human|ASRPPEDKYYGIFDY	SRR17816508|human|ASRPPEDKYYGIFDY	SRR17816508	18
train	group_241	group_305	SRR17816508|human|ATNPYCGGYCDGAFDM	SRR17816508|human|ATNPYCGGYCDGAFDM	SRR17816508	18
train	group_242	group_306	SRR17816508|human|SSTGGNYFDGFHI	SRR17816508|human|SSTGGNYFDGFHI	SRR17816508	16
train	group_243	group_307	SRR17816508|human|VR	SRR17816508|human|VR	SRR17816508	24
train	group_244	group_308	SRR17816508|human|WASGSFWGEDY	SRR17816508|human|WASGSFWGEDY	SRR17816508	17
test	group_022	group_309	SRR17816509|human|AK	SRR17816509|human|AK	SRR17816509	41
test	group_023	group_310	SRR17816509|human|AKGGRGSFYDAFDA	SRR17816509|human|AKGGRGSFYDAFDA	SRR17816509	17
test	group_024	group_311	SRR17816509|human|AKQGFGYAGSSYLDY	SRR17816509|human|AKQGFGYAGSSYLDY	SRR17816509	23
test	group_025	group_312	SRR17816509|human|ARDLFDY	SRR17816509|human|ARDLFDY	SRR17816509	33
test	group_026	group_313	SRR17816509|human|ARDLVVYGMDV	SRR17816509|human|ARDLVVYGMDV	SRR17816509	16
test	group_027	group_314	SRR17816509|human|ARDSAFLTTGTDY	SRR17816509|human|ARDSAFLTTGTDY	SRR17816509	27
test	group_028	group_315	SRR17816509|human|ARDVWEGSPWRYGMDV	SRR17816509|human|ARDVWEGSPWRYGMDV	SRR17816509	16
test	group_029	group_316	SRR17816509|human|ARESYGDNNWFDP	SRR17816509|human|ARESYGDNNWFDP	SRR17816509	24
test	group_030	group_317	SRR17816509|human|ARGFDY	SRR17816509|human|ARGFDY	SRR17816509	24
test	group_031	group_318	SRR17816509|human|ARGKTSTFAATEAYFDS	SRR17816509|human|ARGKTSTFAATEAYFDS	SRR17816509	16
test	group_032	group_319	SRR17816509|human|ARGQAGTGQYFRLYFDL	SRR17816509|human|ARGQAGTGQYFRLYFDL	SRR17816509	24
test	group_033	group_320	SRR17816509|human|ARIAARVLDYNINHLYTTLHYFDY	SRR17816509|human|ARIAARVLDYNINHLYTTLHYFDY	SRR17816509	32
test	group_034	group_321	SRR17816509|human|ARQQWLVPDY	SRR17816509|human|ARQQWLVPDY	SRR17816509	45
test	group_035	group_322	SRR17816509|human|VRDPVDDLTLDH	SRR17816509|human|VRDPVDDLTLDH	SRR17816509	27
train	group_245	group_323	SRR17816511|human|AIAPWSFDVWGYYTTNSFQN	SRR17816511|human|AIAPWSFDVWGYYTTNSFQN	SRR17816511	24
train	group_246	group_324	SRR17816511|human|AK	SRR17816511|human|AK	SRR17816511	29
train	group_247	group_325	SRR17816511|human|AKDKTDSWSFDY	SRR17816511|human|AKDKTDSWSFDY	SRR17816511	20
train	group_248	group_326	SRR17816511|human|AKTRGPVAFHPDS	SRR17816511|human|AKTRGPVAFHPDS	SRR17816511	23
train	group_249	group_327	SRR17816511|human|AMKIGDSVY	SRR17816511|human|AMKIGDSVY	SRR17816511	21
train	group_250	group_328	SRR17816511|human|ARGFDY	SRR17816511|human|ARGFDY	SRR17816511	24
train	group_251	group_329	SRR17816512|human|AK	SRR17816512|human|AK	SRR17816512	28
train	group_252	group_330	SRR17816512|human|AKSRWTLASGYLDH	SRR17816512|human|AKSRWTLASGYLDH	SRR17816512	16
train	group_253	group_331	SRR17816512|human|ARAQGPATAILL	SRR17816512|human|ARAQGPATAILL	SRR17816512	16
train	group_254	group_332	SRR17816512|human|ARDLQVYGMDV	SRR17816512|human|ARDLQVYGMDV	SRR17816512	46
train	group_255	group_333	SRR17816512|human|ARDVGGYLDS	SRR17816512|human|ARDVGGYLDS	SRR17816512	16
train	group_256	group_334	SRR17816512|human|ARETVNNWVDP	SRR17816512|human|ARETVNNWVDP	SRR17816512	34
train	group_257	group_335	SRR17816512|human|ARGFDY	SRR17816512|human|ARGFDY	SRR17816512	37
train	group_258	group_336	SRR17816512|human|ARGFEY	SRR17816512|human|ARGFEY	SRR17816512	21
train	group_259	group_337	SRR17816512|human|ARRQWGGLAGHIDY	SRR17816512|human|ARRQWGGLAGHIDY	SRR17816512	21
train	group_260	group_338	SRR17816512|human|TRDWGEFYFDY	SRR17816512|human|TRDWGEFYFDY	SRR17816512	22
train	group_261	group_339	SRR17816512|human|VRGGGDL	SRR17816512|human|VRGGGDL	SRR17816512	17
train	group_262	group_340	SRR17818204|human|ASTIYGRSGGFDY	SRR17818204|human|ASTIYGRSGGFDY	SRR17818204	29
test	group_036	group_341	SRR17818205|human|AGILAGSYFDY	SRR17818205|human|AGILAGSYFDY	SRR17818205	16
test	group_037	group_342	SRR17818205|human|AHLGNAFFDY	SRR17818205|human|AHLGNAFFDY	SRR17818205	21
test	group_038	group_343	SRR17818205|human|AHNPVLAVPYSYKYMDL	SRR17818205|human|AHNPVLAVPYSYKYMDL	SRR17818205	23
test	group_039	group_344	SRR17818205|human|AHRMAVTGLDY	SRR17818205|human|AHRMAVTGLDY	SRR17818205	23
test	group_040	group_345	SRR17818205|human|AHRQPAGDFDY	SRR17818205|human|AHRQPAGDFDY	SRR17818205	17
test	group_041	group_346	SRR17818205|human|AHRRAYSGHRVFDQ	SRR17818205|human|AHRRAYSGHRVFDQ	SRR17818205	23
test	group_042	group_347	SRR17818205|human|AHRREYSSDLAHWFYFDY	SRR17818205|human|AHRREYSSDLAHWFYFDY	SRR17818205	46
test	group_043	group_348	SRR17818205|human|AK	SRR17818205|human|AK	SRR17818205	47
test	group_044	group_349	SRR17818205|human|AKDIGYSSGNPDF	SRR17818205|human|AKDIGYSSGNPDF	SRR17818205	31
test	group_045	group_350	SRR17818205|human|AKDLDLVTPVLDY	SRR17818205|human|AKDLDLVTPVLDY	SRR17818205	22
test	group_046	group_351	SRR17818205|human|AKDLSGYGGFDV	SRR17818205|human|AKDLSGYGGFDV	SRR17818205	17
test	group_047	group_352	SRR17818205|human|AKDMGYSSGGVDY	SRR17818205|human|AKDMGYSSGGVDY	SRR17818205	29
test	group_048	group_353	SRR17818205|human|AKEGGGSAIVALDH	SRR17818205|human|AKEGGGSAIVALDH	SRR17818205	60
test	group_049	group_354	SRR17818205|human|AKGSRYGGDYSDSYGLDV	SRR17818205|human|AKGSRYGGDYSDSYGLDV	SRR17818205	32
test	group_050	group_355	SRR17818205|human|AKNLAYADIAVAGTLDY	SRR17818205|human|AKNLAYADIAVAGTLDY	SRR17818205	16
test	group_051	group_356	SRR17818205|human|AKVMAYDSGSYGTDY	SRR17818205|human|AKVMAYDSGSYGTDY	SRR17818205	48
test	group_052	group_357	SRR17818205|human|ALFGGDDGFAI	SRR17818205|human|ALFGGDDGFAI	SRR17818205	24
test	group_053	group_358	SRR17818205|human|ALFSHFGSGSDQHDH	SRR17818205|human|ALFSHFGSGSDQHDH	SRR17818205	18
test	group_054	group_359	SRR17818205|human|ARACDDGGCDYYIDY	SRR17818205|human|ARACDDGGCDYYIDY	SRR17818205	25
test	group_055	group_360	SRR17818205|human|ARADGYNKPPDS	SRR17818205|human|ARADGYNKPPDS	SRR17818205	23
test	group_056	group_361	SRR17818205|human|ARAGSGSYQHFDY	SRR17818205|human|ARAGSGSYQHFDY	SRR17818205	21
test	group_057	group_362	SRR17818205|human|ARAILGYNFGDDS	SRR17818205|human|ARAILGYNFGDDS	SRR17818205	37
test	group_058	group_363	SRR17818205|human|ARAKGGGRYNTFDI	SRR17818205|human|ARAKGGGRYNTFDI	SRR17818205	18
test	group_059	group_364	SRR17818205|human|ARAKGGSRYNAFDI	SRR17818205|human|ARAKGGSRYNAFDI	SRR17818205	21
test	group_060	group_365	SRR17818205|human|ARAPYSEHLRALYYFDY	SRR17818205|human|ARAPYSEHLRALYYFDY	SRR17818205	24
test	group_061	group_366	SRR17818205|human|ARAVGGGNYAPYDY	SRR17818205|human|ARAVGGGNYAPYDY	SRR17818205	17
test	group_062	group_367	SRR17818205|human|ARCGPNLVPYYYYGVDV	SRR17818205|human|ARCGPNLVPYYYYGVDV	SRR17818205	40
test	group_063	group_368	SRR17818205|human|ARDAGYDSSPYDLIASS	SRR17818205|human|ARDAGYDSSPYDLIASS	SRR17818205	30
test	group_064	group_369	SRR17818205|human|ARDGPFVYQFRWELQPLDS	SRR17818205|human|ARDGPFVYQFRWELQPLDS	SRR17818205	19
test	group_065	group_370	SRR17818205|human|ARDIFLTITTSSTGLSDY	SRR17818205|human|ARDIFLTITTSSTGLSDY	SRR17818205	31
test	group_066	group_371	SRR17818205|human|ARDIGYSSGLIDY	SRR17818205|human|ARDIGYSSGLIDY	SRR17818205	18
test	group_067	group_372	SRR17818205|human|ARDLDVRGGLDV	SRR17818205|human|ARDLDVRGGLDV	SRR17818205	55
test	group_068	group_373	SRR17818205|human|ARDLDVRGGMDV	SRR17818205|human|ARDLDVRGGMDV	SRR17818205	49
test	group_069	group_374	SRR17818205|human|ARDLKPYTSTYYHYYSYTDV	SRR17818205|human|ARDLKPYTSTYYHYYSYTDV	SRR17818205	18
test	group_070	group_375	SRR17818205|human|ARDMYQTGAFDP	SRR17818205|human|ARDMYQTGAFDP	SRR17818205	20
test	group_071	group_376	SRR17818205|human|ARDPRLSLFYYYGYYMDV	SRR17818205|human|ARDPRLSLFYYYGYYMDV	SRR17818205	17
test	group_072	group_377	SRR17818205|human|ARDPSGLSQNAIFDP	SRR17818205|human|ARDPSGLSQNAIFDP	SRR17818205	34
test	group_073	group_378	SRR17818205|human|ARDPYSPLRYELFFYQDV	SRR17818205|human|ARDPYSPLRYELFFYQDV	SRR17818205	20
test	group_074	group_379	SRR17818205|human|ARDQRHYDIGGPLTTLHF	SRR17818205|human|ARDQRHYDIGGPLTTLHF	SRR17818205	29
test	group_075	group_380	SRR17818205|human|ARDRGLGPWLRRLYFFDY	SRR17818205|human|ARDRGLGPWLRRLYFFDY	SRR17818205	32
test	group_076	group_381	SRR17818205|human|ARDRGPTSYYNSGSGSYLEK	SRR17818205|human|ARDRGPTSYYNSGSGSYLEK	SRR17818205	25
test	group_077	group_382	SRR17818205|human|ARDRGSGFWGYFDL	SRR17818205|human|ARDRGSGFWGYFDL	SRR17818205	16
test	group_078	group_383	SRR17818205|human|ARDRSGGKYGPFDY	SRR17818205|human|ARDRSGGKYGPFDY	SRR17818205	16
test	group_079	group_384	SRR17818205|human|ARDYDSSYGYPFDY	SRR17818205|human|ARDYDSSYGYPFDY	SRR17818205	22
test	group_080	group_385	SRR17818205|human|ARDYGDWE	SRR17818205|human|ARDYGDWE	SRR17818205	24
test	group_081	group_386	SRR17818205|human|AREGMYDSGGSYTDD	SRR17818205|human|AREGMYDSGGSYTDD	SRR17818205	22
test	group_082	group_387	SRR17818205|human|AREGPAIEGPPAYYFDY	SRR17818205|human|AREGPAIEGPPAYYFDY	SRR17818205	20
test	group_083	group_388	SRR17818205|human|AREHRIETVPVIPHFDY	SRR17818205|human|AREHRIETVPVIPHFDY	SRR17818205	17
test	group_084	group_389	SRR17818205|human|ARERPPVVPRKAGGWFDP	SRR17818205|human|ARERPPVVPRKAGGWFDP	SRR17818205	16
test	group_085	group_390	SRR17818205|human|ARESYGMDV	SRR17818205|human|ARESYGMDV	SRR17818205	32
test	group_086	group_391	SRR17818205|human|ARFDGGYSSRSYYGYYGVDV	SRR17818205|human|ARFDGGYSSRSYYGYYGVDV	SRR17818205	18
test	group_087	group_392	SRR17818205|human|ARFGTSSYYYSYKEV	SRR17818205|human|ARFGTSSYYYSYKEV	SRR17818205	30
test	group_088	group_393	SRR17818205|human|ARGAPGYCTCRASYSSDY	SRR17818205|human|ARGAPGYCTCRASYSSDY	SRR17818205	27
test	group_089	group_394	SRR17818205|human|ARGEPGYCTCRGGHSLDV	SRR17818205|human|ARGEPGYCTCRGGHSLDV	SRR17818205	18
test	group_090	group_395	SRR17818205|human|ARGEPGYCTCRTSYSNDH	SRR17818205|human|ARGEPGYCTCRTSYSNDH	SRR17818205	19
test	group_091	group_396	SRR17818205|human|ARGFGGNYYYMDV	SRR17818205|human|ARGFGGNYYYMDV	SRR17818205	37
test	group_092	group_397	SRR17818205|human|ARGGGNWNNHYYYAREV	SRR17818205|human|ARGGGNWNNHYYYAREV	SRR17818205	16
test	group_093	group_398	SRR17818205|human|ARGGKNWMPYQYYGVDV	SRR17818205|human|ARGGKNWMPYQYYGVDV	SRR17818205	23
test	group_094	group_399	SRR17818205|human|ARGGRNYAQYYSYGIDV	SRR17818205|human|ARGGRNYAQYYSYGIDV	SRR17818205	22
test	group_095	group_400	SRR17818205|human|ARGIRSDDFRGPYGSYYFDS	SRR17818205|human|ARGIRSDDFRGPYGSYYFDS	SRR17818205	52
test	group_096	group_401	SRR17818205|human|ARGLGGNYYYFDY	SRR17818205|human|ARGLGGNYYYFDY	SRR17818205	31
test	group_097	group_402	SRR17818205|human|ARGLGGNYYYMD	SRR17818205|human|ARGLGGNYYYMD	SRR17818205	16
test	group_098	group_403	SRR17818205|human|ARGLGGNYYYMDV	SRR17818205|human|ARGLGGNYYYMDV	SRR17818205	52
test	group_099	group_404	SRR17818205|human|ARGQSHHDGLYYYFYHMDV	SRR17818205|human|ARGQSHHDGLYYYFYHMDV	SRR17818205	24
test	group_100	group_405	SRR17818205|human|ARHLGYDSPYYDNQPDS	SRR17818205|human|ARHLGYDSPYYDNQPDS	SRR17818205	24
test	group_101	group_406	SRR17818205|human|ARIQCTSSGCYEES	SRR17818205|human|ARIQCTSSGCYEES	SRR17818205	27
test	group_102	group_407	SRR17818205|human|ARIQTSNKYYYYDYGLDV	SRR17818205|human|ARIQTSNKYYYYDYGLDV	SRR17818205	19
test	group_103	group_408	SRR17818205|human|ARIYGYDSNWSDD	SRR17818205|human|ARIYGYDSNWSDD	SRR17818205	32
test	group_104	group_409	SRR17818205|human|ARKYCSSSTCLLDY	SRR17818205|human|ARKYCSSSTCLLDY	SRR17818205	27
test	group_105	group_410	SRR17818205|human|ARLHTAKVQMYYYSYGMEV	SRR17818205|human|ARLHTAKVQMYYYSYGMEV	SRR17818205	26
test	group_106	group_411	SRR17818205|human|ARLVLRFDLWLQDAYSYIDS	SRR17818205|human|ARLVLRFDLWLQDAYSYIDS	SRR17818205	39
test	group_107	group_412	SRR17818205|human|ARMYADYPNYYDY	SRR17818205|human|ARMYADYPNYYDY	SRR17818205	24
test	group_108	group_413	SRR17818205|human|ARPMGGYYYFD	SRR17818205|human|ARPMGGYYYFD	SRR17818205	19
test	group_109	group_414	SRR17818205|human|ARPMGGYYYFDL	SRR17818205|human|ARPMGGYYYFDL	SRR17818205	25
test	group_110	group_415	SRR17818205|human|ARPNGGNNYGYMDV	SRR17818205|human|ARPNGGNNYGYMDV	SRR17818205	21
test	group_111	group_416	SRR17818205|human|ARPRGGNFYDAFDI	SRR17818205|human|ARPRGGNFYDAFDI	SRR17818205	31
test	group_112	group_417	SRR17818205|human|ARPSGGNFYGAFDI	SRR17818205|human|ARPSGGNFYGAFDI	SRR17818205	28
test	group_113	group_418	SRR17818205|human|ARPSGGNNYSYMDV	SRR17818205|human|ARPSGGNNYSYMDV	SRR17818205	54
test	group_114	group_419	SRR17818205|human|ARPSYGSLYSPLDS	SRR17818205|human|ARPSYGSLYSPLDS	SRR17818205	17
test	group_115	group_420	SRR17818205|human|ARPYGGNYYSGLDY	SRR17818205|human|ARPYGGNYYSGLDY	SRR17818205	24
test	group_116	group_421	SRR17818205|human|ARQYRRGYYTGSLDP	SRR17818205|human|ARQYRRGYYTGSLDP	SRR17818205	19
test	group_117	group_422	SRR17818205|human|ARRESYYYASRYDGAAFDI	SRR17818205|human|ARRESYYYASRYDGAAFDI	SRR17818205	20
test	group_118	group_423	SRR17818205|human|ARSFDNRGHHYYYEY	SRR17818205|human|ARSFDNRGHHYYYEY	SRR17818205	27
test	group_119	group_424	SRR17818205|human|ARSLGGNFYAAFDI	SRR17818205|human|ARSLGGNFYAAFDI	SRR17818205	19
test	group_120	group_425	SRR17818205|human|ARSRGGNLYDTFDI	SRR17818205|human|ARSRGGNLYDTFDI	SRR17818205	21
test	group_121	group_426	SRR17818205|human|ARSYGGNYYAYFDY	SRR17818205|human|ARSYGGNYYAYFDY	SRR17818205	50
test	group_122	group_427	SRR17818205|human|ARTFRGNFYDAFDI	SRR17818205|human|ARTFRGNFYDAFDI	SRR17818205	25
test	group_123	group_428	SRR17818205|human|ARTYGGNGYGFFDY	SRR17818205|human|ARTYGGNGYGFFDY	SRR17818205	46
test	group_124	group_429	SRR17818205|human|ARTYSGNFYHAFDI	SRR17818205|human|ARTYSGNFYHAFDI	SRR17818205	36
test	group_125	group_430	SRR17818205|human|ARVLGEVRLLEWYYYHRSYYMDV	SRR17818205|human|ARVLGEVRLLEWYYYHRSYYMDV	SRR17818205	18
test	group_126	group_431	SRR17818205|human|ARVNADYAILMDV	SRR17818205|human|ARVNADYAILMDV	SRR17818205	27
test	group_127	group_432	SRR17818205|human|ARVSAYSDTSGFLDY	SRR17818205|human|ARVSAYSDTSGFLDY	SRR17818205	17
test	group_128	group_433	SRR17818205|human|ARVSVTYEVDY	SRR17818205|human|ARVSVTYEVDY	SRR17818205	16
test	group_129	group_434	SRR17818205|human|ARVVGVERTIDQ	SRR17818205|human|ARVVGVERTIDQ	SRR17818205	54
test	group_130	group_435	SRR17818205|human|ARVYDLWSDYGYYFDY	SRR17818205|human|ARVYDLWSDYGYYFDY	SRR17818205	28
test	group_131	group_436	SRR17818205|human|ASDRVGGDDAFHI	SRR17818205|human|ASDRVGGDDAFHI	SRR17818205	21
test	group_132	group_437	SRR17818205|human|ASGGAGPHIDY	SRR17818205|human|ASGGAGPHIDY	SRR17818205	44
test	group_133	group_438	SRR17818205|human|ASGIAASVSGDY	SRR17818205|human|ASGIAASVSGDY	SRR17818205	40
test	group_134	group_439	SRR17818205|human|ASGRGNSLS	SRR17818205|human|ASGRGNSLS	SRR17818205	28
test	group_135	group_440	SRR17818205|human|ASKVWFGKEHAFDL	SRR17818205|human|ASKVWFGKEHAFDL	SRR17818205	18
test	group_136	group_441	SRR17818205|human|ASRPPAAEYYGVFDY	SRR17818205|human|ASRPPAAEYYGVFDY	SRR17818205	43
test	group_137	group_442	SRR17818205|human|ASRPPATEYYGIFDY	SRR17818205|human|ASRPPATEYYGIFDY	SRR17818205	42
test	group_138	group_443	SRR17818205|human|ASRPPEDKYYGIFDY	SRR17818205|human|ASRPPEDKYYGIFDY	SRR17818205	16
test	group_139	group_444	SRR17818205|human|ASRPPETHVYAIFDY	SRR17818205|human|ASRPPETHVYAIFDY	SRR17818205	16
test	group_140	group_445	SRR17818205|human|ASVHHYDSGRYYYDY	SRR17818205|human|ASVHHYDSGRYYYDY	SRR17818205	17
test	group_141	group_446	SRR17818205|human|ATAPAVAGTPSYYHYDYGMVV	SRR17818205|human|ATAPAVAGTPSYYHYDYGMVV	SRR17818205	16
test	group_142	group_447	SRR17818205|human|ATGGGSYYTAMNY	SRR17818205|human|ATGGGSYYTAMNY	SRR17818205	29
test	group_143	group_448	SRR17818205|human|ATLEITLWNTYYYFANGMDV	SRR17818205|human|ATLEITLWNTYYYFANGMDV	SRR17818205	19
test	group_144	group_449	SRR17818205|human|ATNPYCGGYCDGAFDM	SRR17818205|human|ATNPYCGGYCDGAFDM	SRR17818205	35
test	group_145	group_450	SRR17818205|human|ATSLLVAGVARDAFDI	SRR17818205|human|ATSLLVAGVARDAFDI	SRR17818205	20
test	group_146	group_451	SRR17818205|human|ATVSAGHAYPPYGMDV	SRR17818205|human|ATVSAGHAYPPYGMDV	SRR17818205	29
test	group_147	group_452	SRR17818205|human|AVIVAGILQIDY	SRR17818205|human|AVIVAGILQIDY	SRR17818205	39
test	group_148	group_453	SRR17818205|human|AYSAKNQYDEYNWDFFDP	SRR17818205|human|AYSAKNQYDEYNWDFFDP	SRR17818205	19
test	group_149	group_454	SRR17818205|human|SSTGGNYFDGFHI	SRR17818205|human|SSTGGNYFDGFHI	SRR17818205	27
test	group_150	group_455	SRR17818205|human|VHRSITVAGGFDN	SRR17818205|human|VHRSITVAGGFDN	SRR17818205	37
test	group_151	group_456	SRR17818205|human|VKPRVGNPSFDFEY	SRR17818205|human|VKPRVGNPSFDFEY	SRR17818205	38
test	group_152	group_457	SRR17818205|human|VKPRVGNPSFDLEY	SRR17818205|human|VKPRVGNPSFDLEY	SRR17818205	25
test	group_153	group_458	SRR17818205|human|VKVGNYDSGRSYTDY	SRR17818205|human|VKVGNYDSGRSYTDY	SRR17818205	31
test	group_154	group_459	SRR17818205|human|VR	SRR17818205|human|VR	SRR17818205	22
test	group_155	group_460	SRR17818205|human|VRDLDVRGGMDV	SRR17818205|human|VRDLDVRGGMDV	SRR17818205	30
test	group_156	group_461	SRR17818205|human|VRTSSFDSGSSYSDY	SRR17818205|human|VRTSSFDSGSSYSDY	SRR17818205	19
test	group_157	group_462	SRR17818205|human|VSSLLTAGVATDGFDI	SRR17818205|human|VSSLLTAGVATDGFDI	SRR17818205	26
test	group_158	group_463	SRR17818205|human|VTGRENSLA	SRR17818205|human|VTGRENSLA	SRR17818205	23
test	group_159	group_464	SRR17818205|human|WASGSFWGEDY	SRR17818205|human|WASGSFWGEDY	SRR17818205	18
train	group_263	group_465	SRR17818206|human|AFSRSGTFYDAFHI	SRR17818206|human|AFSRSGTFYDAFHI	SRR17818206	21
train	group_264	group_466	SRR17818206|human|AKDPAAVGTASGMDV	SRR17818206|human|AKDPAAVGTASGMDV	SRR17818206	23
train	group_265	group_467	SRR17818206|human|AKDQFGLDGLVDYTGFDY	SRR17818206|human|AKDQFGLDGLVDYTGFDY	SRR17818206	20
train	group_266	group_468	SRR17818206|human|AKGGRGSFYDAFDA	SRR17818206|human|AKGGRGSFYDAFDA	SRR17818206	32
train	group_267	group_469	SRR17818206|human|AKQGFGYAGSSYLDY	SRR17818206|human|AKQGFGYAGSSYLDY	SRR17818206	24
train	group_268	group_470	SRR17818206|human|ARDDIFSAVIDF	SRR17818206|human|ARDDIFSAVIDF	SRR17818206	16
train	group_269	group_471	SRR17818206|human|ARDLFDY	SRR17818206|human|ARDLFDY	SRR17818206	27
train	group_270	group_472	SRR17818206|human|ARDLVVYGMDV	SRR17818206|human|ARDLVVYGMDV	SRR17818206	16
train	group_271	group_473	SRR17818206|human|ARDQKFQDIFVLLSNADWFDP	SRR17818206|human|ARDQKFQDIFVLLSNADWFDP	SRR17818206	16
train	group_272	group_474	SRR17818206|human|ARDSAFLTTGTDY	SRR17818206|human|ARDSAFLTTGTDY	SRR17818206	22
train	group_273	group_475	SRR17818206|human|ARESYGDNNWFDP	SRR17818206|human|ARESYGDNNWFDP	SRR17818206	27
train	group_274	group_476	SRR17818206|human|ARGFDY	SRR17818206|human|ARGFDY	SRR17818206	18
train	group_275	group_477	SRR17818206|human|ARHGGLERRGFDP	SRR17818206|human|ARHGGLERRGFDP	SRR17818206	62
train	group_276	group_478	SRR17818206|human|ARIAARVLDYNINHLYTTLHYFDY	SRR17818206|human|ARIAARVLDYNINHLYTTLHYFDY	SRR17818206	19
train	group_277	group_479	SRR17818206|human|ARQQWLVPDY	SRR17818206|human|ARQQWLVPDY	SRR17818206	30
test	group_160	group_480	SRR17818208|human|AIAPWSFDVWGYYTTNSFQN	SRR17818208|human|AIAPWSFDVWGYYTTNSFQN	SRR17818208	21
test	group_161	group_481	SRR17818208|human|AKGASGLWGFEAFDY	SRR17818208|human|AKGASGLWGFEAFDY	SRR17818208	16
test	group_162	group_482	SRR17818208|human|AKGHSAYDVFFDY	SRR17818208|human|AKGHSAYDVFFDY	SRR17818208	20
test	group_163	group_483	SRR17818208|human|AKSSKGGFYYGMDV	SRR17818208|human|AKSSKGGFYYGMDV	SRR17818208	16
test	group_164	group_484	SRR17818208|human|AMKIGDSVY	SRR17818208|human|AMKIGDSVY	SRR17818208	25
test	group_165	group_485	SRR17818208|human|ARGFDY	SRR17818208|human|ARGFDY	SRR17818208	20
test	group_166	group_486	SRR17818208|human|ARQASPAQDFDS	SRR17818208|human|ARQASPAQDFDS	SRR17818208	17
test	group_167	group_487	SRR17818208|human|ARRASGLGGYFDY	SRR17818208|human|ARRASGLGGYFDY	SRR17818208	19
test	group_168	group_488	SRR17818208|human|ARVKSTVTTYYYYYMDV	SRR17818208|human|ARVKSTVTTYYYYYMDV	SRR17818208	20
test	group_169	group_489	SRR17818208|human|VRGPYDFWSGPTYYQRFDF	SRR17818208|human|VRGPYDFWSGPTYYQRFDF	SRR17818208	22
train	group_278	group_490	SRR17818209|human|AGEVVAVTAVVAGVTYGVDV	SRR17818209|human|AGEVVAVTAVVAGVTYGVDV	SRR17818209	17
train	group_279	group_491	SRR17818209|human|AISLPARGPVGGRLNY	SRR17818209|human|AISLPARGPVGGRLNY	SRR17818209	25
train	group_280	group_492	SRR17818209|human|AK	SRR17818209|human|AK	SRR17818209	39
train	group_281	group_493	SRR17818209|human|AKDLDLSVAPAMIGPDY	SRR17818209|human|AKDLDLSVAPAMIGPDY	SRR17818209	23
train	group_282	group_494	SRR17818209|human|AKDLGYIPYYHFGMDV	SRR17818209|human|AKDLGYIPYYHFGMDV	SRR17818209	43
train	group_283	group_495	SRR17818209|human|AKDLVKHYYVSGSYFHH	SRR17818209|human|AKDLVKHYYVSGSYFHH	SRR17818209	20
train	group_284	group_496	SRR17818209|human|AKDYFPLLYYAYGLDV	SRR17818209|human|AKDYFPLLYYAYGLDV	SRR17818209	42
train	group_285	group_497	SRR17818209|human|AKSRDGYKWFDY	SRR17818209|human|AKSRDGYKWFDY	SRR17818209	27
train	group_286	group_498	SRR17818209|human|AKTRGGNFYDAFDF	SRR17818209|human|AKTRGGNFYDAFDF	SRR17818209	25
train	group_287	group_499	SRR17818209|human|AKTVFPGEFFFYRYGMDV	SRR17818209|human|AKTVFPGEFFFYRYGMDV	SRR17818209	16
train	group_288	group_500	SRR17818209|human|AKVKGSGISPSGAFDI	SRR17818209|human|AKVKGSGISPSGAFDI	SRR17818209	21
train	group_289	group_501	SRR17818209|human|ARAGMIWLLLDH	SRR17818209|human|ARAGMIWLLLDH	SRR17818209	21
train	group_290	group_502	SRR17818209|human|ARALGGYSTPFDY	SRR17818209|human|ARALGGYSTPFDY	SRR17818209	37
train	group_291	group_503	SRR17818209|human|ARANRGNYYYGMDV	SRR17818209|human|ARANRGNYYYGMDV	SRR17818209	20
train	group_292	group_504	SRR17818209|human|ARAQGPATAILL	SRR17818209|human|ARAQGPATAILL	SRR17818209	27
train	group_293	group_505	SRR17818209|human|ARARGGGLYSPLDY	SRR17818209|human|ARARGGGLYSPLDY	SRR17818209	36
train	group_294	group_506	SRR17818209|human|ARARGGGYYYGMDV	SRR17818209|human|ARARGGGYYYGMDV	SRR17818209	30
train	group_295	group_507	SRR17818209|human|ARARGGSYYYGMDV	SRR17818209|human|ARARGGSYYYGMDV	SRR17818209	29
train	group_296	group_508	SRR17818209|human|ARARGGTFYSAFDI	SRR17818209|human|ARARGGTFYSAFDI	SRR17818209	24
train	group_297	group_509	SRR17818209|human|ARASSGSFYSHFDF	SRR17818209|human|ARASSGSFYSHFDF	SRR17818209	23
train	group_298	group_510	SRR17818209|human|ARDAAGVPIAIGMDV	SRR17818209|human|ARDAAGVPIAIGMDV	SRR17818209	24
train	group_299	group_511	SRR17818209|human|ARDFAYVNDGGAYY	SRR17818209|human|ARDFAYVNDGGAYY	SRR17818209	32
train	group_300	group_512	SRR17818209|human|ARDGRGPLAY	SRR17818209|human|ARDGRGPLAY	SRR17818209	17
train	group_301	group_513	SRR17818209|human|ARDIVFVPAAYGCED	SRR17818209|human|ARDIVFVPAAYGCED	SRR17818209	26
train	group_302	group_514	SRR17818209|human|ARDLQVYGMD	SRR17818209|human|ARDLQVYGMD	SRR17818209	18
train	group_303	group_515	SRR17818209|human|ARDLRAVTFIGIFDS	SRR17818209|human|ARDLRAVTFIGIFDS	SRR17818209	26
train	group_304	group_516	SRR17818209|human|ARDPAWGALDY	SRR17818209|human|ARDPAWGALDY	SRR17818209	22
train	group_305	group_517	SRR17818209|human|ARDPMGCTTYCGSFWFDP	SRR17818209|human|ARDPMGCTTYCGSFWFDP	SRR17818209	18
train	group_306	group_518	SRR17818209|human|ARDPPSSWLSNDVDV	SRR17818209|human|ARDPPSSWLSNDVDV	SRR17818209	17
train	group_307	group_519	SRR17818209|human|ARDSLYDFYGMDV	SRR17818209|human|ARDSLYDFYGMDV	SRR17818209	20
train	group_308	group_520	SRR17818209|human|ARDTGDFDL	SRR17818209|human|ARDTGDFDL	SRR17818209	33
train	group_309	group_521	SRR17818209|human|ARDVSYYNDGGAYY	SRR17818209|human|ARDVSYYNDGGAYY	SRR17818209	18
train	group_310	group_522	SRR17818209|human|AREGIVEDLRIMPGLDY	SRR17818209|human|AREGIVEDLRIMPGLDY	SRR17818209	16
train	group_311	group_523	SRR17818209|human|AREGSDYYSSDGLLDY	SRR17818209|human|AREGSDYYSSDGLLDY	SRR17818209	21
train	group_312	group_524	SRR17818209|human|AREGSSGEPLTTSCTCLPY	SRR17818209|human|AREGSSGEPLTTSCTCLPY	SRR17818209	20
train	group_313	group_525	SRR17818209|human|AREKQWVQVYYGYPMNV	SRR17818209|human|AREKQWVQVYYGYPMNV	SRR17818209	20
train	group_314	group_526	SRR17818209|human|AREMGAGLDV	SRR17818209|human|AREMGAGLDV	SRR17818209	38
train	group_315	group_527	SRR17818209|human|AREQLVAGAPPFDF	SRR17818209|human|AREQLVAGAPPFDF	SRR17818209	18
train	group_316	group_528	SRR17818209|human|ARETVGIAAPTGVWKYFEF	SRR17818209|human|ARETVGIAAPTGVWKYFEF	SRR17818209	16
train	group_317	group_529	SRR17818209|human|AREVKTVGVVRDRSYYHYEDPYGMDA	SRR17818209|human|AREVKTVGVVRDRSYYHYEDPYGMDA	SRR17818209	27
train	group_318	group_530	SRR17818209|human|AREVSGSYWPFDY	SRR17818209|human|AREVSGSYWPFDY	SRR17818209	26
train	group_319	group_531	SRR17818209|human|ARFDSYDSGGYYRDY	SRR17818209|human|ARFDSYDSGGYYRDY	SRR17818209	20
train	group_320	group_532	SRR17818209|human|ARFEHGYSDSFGFDS	SRR17818209|human|ARFEHGYSDSFGFDS	SRR17818209	20
train	group_321	group_533	SRR17818209|human|ARFPTYHDIGAVFTVEY	SRR17818209|human|ARFPTYHDIGAVFTVEY	SRR17818209	18
train	group_322	group_534	SRR17818209|human|ARGATLQYSFDY	SRR17818209|human|ARGATLQYSFDY	SRR17818209	39
train	group_323	group_535	SRR17818209|human|ARGDNGSWGPFDY	SRR17818209|human|ARGDNGSWGPFDY	SRR17818209	17
train	group_324	group_536	SRR17818209|human|ARGFDF	SRR17818209|human|ARGFDF	SRR17818209	34
train	group_325	group_537	SRR17818209|human|ARGFDL	SRR17818209|human|ARGFDL	SRR17818209	16
train	group_326	group_538	SRR17818209|human|ARGFEY	SRR17818209|human|ARGFEY	SRR17818209	59
train	group_327	group_539	SRR17818209|human|ARGFGGNYHYFDP	SRR17818209|human|ARGFGGNYHYFDP	SRR17818209	39
train	group_328	group_540	SRR17818209|human|ARGGDTNYVFHY	SRR17818209|human|ARGGDTNYVFHY	SRR17818209	51
train	group_329	group_541	SRR17818209|human|ARGGIPVARAEPFDY	SRR17818209|human|ARGGIPVARAEPFDY	SRR17818209	18
train	group_330	group_542	SRR17818209|human|ARGGPNYAASYYYGVDV	SRR17818209|human|ARGGPNYAASYYYGVDV	SRR17818209	26
train	group_331	group_543	SRR17818209|human|ARGVGHLPYYYSGVDV	SRR17818209|human|ARGVGHLPYYYSGVDV	SRR17818209	22
train	group_332	group_544	SRR17818209|human|ARGYGGSDSAYPYYFDY	SRR17818209|human|ARGYGGSDSAYPYYFDY	SRR17818209	16
train	group_333	group_545	SRR17818209|human|ARHCPFFYDSSYYDSGTFDL	SRR17818209|human|ARHCPFFYDSSYYDSGTFDL	SRR17818209	21
train	group_334	group_546	SRR17818209|human|ARHRFEYSGTYKYYYGMDV	SRR17818209|human|ARHRFEYSGTYKYYYGMDV	SRR17818209	30
train	group_335	group_547	SRR17818209|human|ARIFDVLVPPGQGSIIDGMDV	SRR17818209|human|ARIFDVLVPPGQGSIIDGMDV	SRR17818209	16
train	group_336	group_548	SRR17818209|human|ARIVVDYEFRSYYYYGYTLDV	SRR17818209|human|ARIVVDYEFRSYYYYGYTLDV	SRR17818209	17
train	group_337	group_549	SRR17818209|human|ARLGEVEAYFYGMDV	SRR17818209|human|ARLGEVEAYFYGMDV	SRR17818209	16
train	group_338	group_550	SRR17818209|human|ARLHGHCTSTDYYDWQCFGMDV	SRR17818209|human|ARLHGHCTSTDYYDWQCFGMDV	SRR17818209	16
train	group_339	group_551	SRR17818209|human|ARLPSPAGLLGH	SRR17818209|human|ARLPSPAGLLGH	SRR17818209	34
train	group_340	group_552	SRR17818209|human|ARLSSGYSNYYWGYGLDV	SRR17818209|human|ARLSSGYSNYYWGYGLDV	SRR17818209	19
train	group_341	group_553	SRR17818209|human|ARLTFGYSSGYYYSNGMDV	SRR17818209|human|ARLTFGYSSGYYYSNGMDV	SRR17818209	17
train	group_342	group_554	SRR17818209|human|ARLVWIFGARLDS	SRR17818209|human|ARLVWIFGARLDS	SRR17818209	24
train	group_343	group_555	SRR17818209|human|ARPGGRDGYDYFDY	SRR17818209|human|ARPGGRDGYDYFDY	SRR17818209	28
train	group_344	group_556	SRR17818209|human|ARPHSGSFYSYFDY	SRR17818209|human|ARPHSGSFYSYFDY	SRR17818209	27
train	group_345	group_557	SRR17818209|human|ARPHSGSQYTYFDY	SRR17818209|human|ARPHSGSQYTYFDY	SRR17818209	42
train	group_346	group_558	SRR17818209|human|ARPLGGNYYGGLDY	SRR17818209|human|ARPLGGNYYGGLDY	SRR17818209	19
train	group_347	group_559	SRR17818209|human|ARPRGGNLYNWFDP	SRR17818209|human|ARPRGGNLYNWFDP	SRR17818209	19
train	group_348	group_560	SRR17818209|human|ARPRGGSSYDCFDP	SRR17818209|human|ARPRGGSSYDCFDP	SRR17818209	17
train	group_349	group_561	SRR17818209|human|ARREWGGLAGHIDY	SRR17818209|human|ARREWGGLAGHIDY	SRR17818209	36
train	group_350	group_562	SRR17818209|human|ARREWGGVSGHIDY	SRR17818209|human|ARREWGGVSGHIDY	SRR17818209	18
train	group_351	group_563	SRR17818209|human|ARRPPWENRYFDL	SRR17818209|human|ARRPPWENRYFDL	SRR17818209	19
train	group_352	group_564	SRR17818209|human|ARRQWGGVSGHIDH	SRR17818209|human|ARRQWGGVSGHIDH	SRR17818209	16
train	group_353	group_565	SRR17818209|human|ARSENYYDSNPIYSYSYFDY	SRR17818209|human|ARSENYYDSNPIYSYSYFDY	SRR17818209	19
train	group_354	group_566	SRR17818209|human|ARSKGGNYYYFDY	SRR17818209|human|ARSKGGNYYYFDY	SRR17818209	20
train	group_355	group_567	SRR17818209|human|ARSRGGSYYYGMDV	SRR17818209|human|ARSRGGSYYYGMDV	SRR17818209	26
train	group_356	group_568	SRR17818209|human|ARSRSGYNSFDY	SRR17818209|human|ARSRSGYNSFDY	SRR17818209	27
train	group_357	group_569	SRR17818209|human|ARVGHYDSGSSYRDY	SRR17818209|human|ARVGHYDSGSSYRDY	SRR17818209	25
train	group_358	group_570	SRR17818209|human|ARVKRRGIDY	SRR17818209|human|ARVKRRGIDY	SRR17818209	34
train	group_359	group_571	SRR17818209|human|ARVKRSPYDYLSGWVTPFDY	SRR17818209|human|ARVKRSPYDYLSGWVTPFDY	SRR17818209	25
train	group_360	group_572	SRR17818209|human|ARVPGGSYYGPFDH	SRR17818209|human|ARVPGGSYYGPFDH	SRR17818209	23
train	group_361	group_573	SRR17818209|human|ARVRGGYYFLEY	SRR17818209|human|ARVRGGYYFLEY	SRR17818209	44
train	group_362	group_574	SRR17818209|human|ARVVGTVTRFEY	SRR17818209|human|ARVVGTVTRFEY	SRR17818209	23
train	group_363	group_575	SRR17818209|human|ARVWVRWWYFDL	SRR17818209|human|ARVWVRWWYFDL	SRR17818209	22
train	group_364	group_576	SRR17818209|human|ASFAVADAFEI	SRR17818209|human|ASFAVADAFEI	SRR17818209	42
train	group_365	group_577	SRR17818209|human|ASLSPADWSFDF	SRR17818209|human|ASLSPADWSFDF	SRR17818209	17
train	group_366	group_578	SRR17818209|human|ATEKQWVLDYYPYPMGV	SRR17818209|human|ATEKQWVLDYYPYPMGV	SRR17818209	41
train	group_367	group_579	SRR17818209|human|ATFLELTYGTDV	SRR17818209|human|ATFLELTYGTDV	SRR17818209	22
train	group_368	group_580	SRR17818209|human|ATFLEWTYGKDV	SRR17818209|human|ATFLEWTYGKDV	SRR17818209	22
train	group_369	group_581	SRR17818209|human|ATGGGNYFVYFDS	SRR17818209|human|ATGGGNYFVYFDS	SRR17818209	23
train	group_370	group_582	SRR17818209|human|AYFGSAAGLSGWFDP	SRR17818209|human|AYFGSAAGLSGWFDP	SRR17818209	32
train	group_371	group_583	SRR17818209|human|TRDWGEFYFDY	SRR17818209|human|TRDWGEFYFDY	SRR17818209	64
train	group_372	group_584	SRR17818209|human|VGGLWHQWLIY	SRR17818209|human|VGGLWHQWLIY	SRR17818209	21
train	group_373	group_585	SRR17818209|human|VGVGHYDSGSSYLDY	SRR17818209|human|VGVGHYDSGSSYLDY	SRR17818209	25
train	group_374	group_586	SRR17818209|human|VRDQVGGNSGMEV	SRR17818209|human|VRDQVGGNSGMEV	SRR17818209	25
train	group_375	group_587	SRR17818209|human|VRENIGVVPATDF	SRR17818209|human|VRENIGVVPATDF	SRR17818209	17
train	group_376	group_588	SRR17818209|human|VRGGGDL	SRR17818209|human|VRGGGDL	SRR17818209	27
train	group_377	group_589	SRR17818209|human|VRPIVGGNRNMDV	SRR17818209|human|VRPIVGGNRNMDV	SRR17818209	22
train	group_378	group_590	SRR17818209|human|VRVNGFDSSPYGDY	SRR17818209|human|VRVNGFDSSPYGDY	SRR17818209	31
train	group_379	group_591	SRR17818209|human|VRVSHYDSGSSYSDY	SRR17818209|human|VRVSHYDSGSSYSDY	SRR17818209	16
train	group_380	group_592	SRR18356101|human|AKSRGGNGYDAFDF	SRR18356101|human|AKSRGGNGYDAFDF	SRR18356101	24
train	group_381	group_593	SRR18356101|human|AKSRGGNGYDAFDI	SRR18356101|human|AKSRGGNGYDAFDI	SRR18356101	20
train	group_382	group_594	SRR18356101|human|ARGFDY	SRR18356101|human|ARGFDY	SRR18356101	19
train	group_383	group_595	SRR18356101|human|ATSGGGYFAAFDS	SRR18356101|human|ATSGGGYFAAFDS	SRR18356101	57
train	group_384	group_596	SRR18363731|human|ATAFAVIGSPTYYYYSYGMDV	SRR18363731|human|ATAFAVIGSPTYYYYSYGMDV	SRR18363731	16
train	group_385	group_597	SRR20210850|human|QQRSNWPLT	SRR20210850|human|QQRSNWPLT	SRR20210850	16
train	group_386	group_598	SRR20210850|human|QQSYSTPRT	SRR20210850|human|QQSYSTPRT	SRR20210850	16
train	group_387	group_599	SRR20210852|human|AK	SRR20210852|human|AK	SRR20210852	18
train	group_388	group_600	SRR20210852|human|QQSYSTPRT	SRR20210852|human|QQSYSTPRT	SRR20210852	16
val	group_042	group_601	SRR20210854|human|QQYGSSPLT	SRR20210854|human|QQYGSSPLT	SRR20210854	17
train	group_389	group_602	SRR22865396|human|AK	SRR22865396|human|AK	SRR22865396	20
train	group_390	group_603	SRR24716320|human|AK	SRR24716320|human|AK	SRR24716320	21
train	group_391	group_604	SRR24716342|human|AK	SRR24716342|human|AK	SRR24716342	16
train	group_392	group_605	SRR24716354|human|AK	SRR24716354|human|AK	SRR24716354	25
train	group_393	group_606	SRR24716355|human|AK	SRR24716355|human|AK	SRR24716355	21
val	group_043	group_607	SRR24716366|human|AK	SRR24716366|human|AK	SRR24716366	28
train	group_394	group_608	SRR24716367|human|AK	SRR24716367|human|AK	SRR24716367	18
train	group_395	group_609	SRR24800050|human|ARGRGAFAVMYDGGRNGMDV	SRR24800050|human|ARGRGAFAVMYDGGRNGMDV	SRR24800050	16
train	group_396	group_610	SRR25405110|human|ARGRNDFGSGTYPPARLNYYYFDS	SRR25405110|human|ARGRNDFGSGTYPPARLNYYYFDS	SRR25405110	20
