set,mutation,spike_pos_1based,col_0based,domain,note,in_alignment,wt_aa,consensus_aa,msa_mut_freq,msa_mut_freq_rank,edge_mut_freq,in_hotspot_mask
primary,A222V,222,221,NTD,study-selected,True,,E,0.6721498382521618,333,nan,False
primary,N439K,439,438,RBD,study-selected,True,,L,0.6721105355008039,439,nan,False
primary,N501Y,501,500,RBD/RBM,study-selected / Alpha,True,,V,0.6675324139921258,620,nan,False
primary,L452R,452,451,RBD,study-selected / Delta,True,,R,0.5200967391752436,1019,nan,False
primary,Y453F,453,452,RBD,study-selected / Alpha,True,,L,0.6661055611284404,622,nan,False
primary,E484K,484,483,RBD/RBM,study-selected / Beta,True,,F,0.5651749702828796,868,nan,False
primary,K417N,417,416,RBD,study-selected / Beta,True,,A,0.6721586302612232,318,nan,False
primary,T478K,478,477,RBD,study-selected / Delta,True,,C,0.6719342604298356,505,nan,False
primary,L981F,981,980,S2,study-selected,True,,L,0.6185247534957227,771,nan,False
primary,L212I,212,211,NTD,study-selected,True,,R,0.6723581367875933,71,nan,True
primary,N856K,856,855,S2,study-selected,True,,L,0.5095887587178342,1024,nan,False
primary,T547K,547,546,S1,study-selected,True,,T,0.3035839437122951,1186,nan,False
primary,G496S,496,495,RBD,study-selected,True,,G,0.6064216464315407,819,nan,False
primary,Y369C,369,368,RBD,study-selected,True,,S,0.6727196526231896,43,nan,True
primary,D614G,614,613,S1,global reference,True,,N,0.6716321510533332,527,nan,False
primary,S477N,477,476,RBD/RBM,section 3.3,True,,P,0.668210300665091,583,nan,False
secondary,K417T,417,416,RBD,Gamma,True,,A,0.6721586302612232,318,nan,False
secondary,E484Q,484,483,RBD,Delta Plus context,True,,F,0.5651749702828796,868,nan,False
secondary,E484A,484,483,RBD,mentioned,True,,F,0.5651749702828796,868,nan,False
secondary,P681R,681,680,furin loop,Delta context,True,,R,0.6443265676318213,709,nan,False
secondary,G339D,339,338,RBD,mentioned,True,,V,0.6720738175722099,467,nan,False
secondary,G446S,446,445,RBD,mentioned,True,,N,0.6620449892130323,631,nan,False
secondary,N440K,440,439,RBD,mentioned,True,,D,0.6721242768609237,428,nan,False
secondary,Q493R,493,492,RBD,mentioned,True,,Y,0.6470499316334454,692,nan,False
secondary,Q498R,498,497,RBD,mentioned,True,,T,0.6721359910402023,386,nan,False
secondary,Y505H,505,504,RBD,mentioned,True,,Y,0.6262170277382695,768,nan,False
secondary,S371L,371,370,RBD,mentioned,True,,S,0.4209539121114684,1051,nan,False
secondary,S373P,373,372,RBD,mentioned,True,,S,0.4216890647758815,1050,nan,False
secondary,S375F,375,374,RBD,mentioned,True,,F,0.6633481737983346,629,nan,False
