col	identity	entropy
0	1.0000	0.0000
1	1.0000	0.0000
2	1.0000	0.0000
3	1.0000	0.0000
4	1.0000	0.0000
5	1.0000	0.0000
6	0.9583	0.2499
7	0.9583	0.2499
8	0.9583	0.2499
9	0.9583	0.2499
10	0.9583	0.2499
11	1.0000	0.0000
12	0.9583	0.2499
13	0.9583	0.2499
14	0.9583	0.2499
15	1.0000	0.0000
16	0.9583	0.2499
17	0.9583	0.2499
18	1.0000	0.0000
19	1.0000	0.0000
20	1.0000	0.0000
21	0.9583	0.2499
22	1.0000	0.0000
23	1.0000	0.0000
24	1.0000	0.0000
25	1.0000	0.0000
26	1.0000	0.0000
27	1.0000	0.0000
28	1.0000	0.0000
29	1.0000	0.0000
30	1.0000	0.0000
31	1.0000	0.0000
32	1.0000	0.0000
33	1.0000	0.0000
34	1.0000	0.0000
35	1.0000	0.0000
36	1.0000	0.0000
37	1.0000	0.0000
38	1.0000	0.0000
39	1.0000	0.0000
40	1.0000	0.0000
41	1.0000	0.0000
42	1.0000	0.0000
43	1.0000	0.0000
44	1.0000	0.0000
45	1.0000	0.0000
46	1.0000	0.0000
47	1.0000	0.0000
48	1.0000	0.0000
49	1.0000	0.0000
50	1.0000	0.0000
51	1.0000	0.0000
52	1.0000	0.0000
53	1.0000	0.0000
54	1.0000	0.0000
55	1.0000	0.0000
56	1.0000	0.0000
57	1.0000	0.0000
58	1.0000	0.0000
59	1.0000	0.0000
60	1.0000	0.0000
61	1.0000	0.0000
62	1.0000	0.0000
63	1.0000	0.0000
64	1.0000	0.0000
65	1.0000	0.0000
66	1.0000	0.0000
67	1.0000	0.0000
68	1.0000	0.0000
69	1.0000	0.0000
70	1.0000	0.0000
71	1.0000	0.0000
72	1.0000	0.0000
73	1.0000	0.0000
74	1.0000	0.0000
75	1.0000	0.0000
76	1.0000	0.0000
77	1.0000	0.0000
78	1.0000	0.0000
79	1.0000	0.0000
80	1.0000	0.0000
81	1.0000	0.0000
82	1.0000	0.0000
83	1.0000	0.0000
84	1.0000	0.0000
85	1.0000	0.0000
86	1.0000	0.0000
87	1.0000	0.0000
88	1.0000	0.0000
89	1.0000	0.0000
90	0.9167	0.4138
91	1.0000	0.0000
92	1.0000	0.0000
93	1.0000	0.0000
94	1.0000	0.0000
95	1.0000	0.0000
96	1.0000	0.0000
97	1.0000	0.0000
98	1.0000	0.0000
99	1.0000	0.0000
100	1.0000	0.0000
101	1.0000	0.0000
102	1.0000	0.0000
103	1.0000	0.0000
104	1.0000	0.0000
105	1.0000	0.0000
106	1.0000	0.0000
107	1.0000	0.0000
108	1.0000	0.0000
109	1.0000	0.0000
110	1.0000	0.0000
111	1.0000	0.0000
112	1.0000	0.0000
113	1.0000	0.0000
114	1.0000	0.0000
115	1.0000	0.0000
116	1.0000	0.0000
117	1.0000	0.0000
118	1.0000	0.0000
119	1.0000	0.0000
120	1.0000	0.0000
121	1.0000	0.0000
122	1.0000	0.0000
123	1.0000	0.0000
124	1.0000	0.0000
125	1.0000	0.0000
126	1.0000	0.0000
127	1.0000	0.0000
128	1.0000	0.0000
129	1.0000	0.0000
130	1.0000	0.0000
131	1.0000	0.0000
132	1.0000	0.0000
133	1.0000	0.0000
134	1.0000	0.0000
135	1.0000	0.0000
136	0.9583	0.2499
137	0.9583	0.2499
138	0.9583	0.2499
139	0.9583	0.2499
140	0.9583	0.2499
141	0.9583	0.2499
142	0.9583	0.2499
143	0.9583	0.2499
144	0.9583	0.2499
145	0.9583	0.2499
146	0.9583	0.2499
147	0.9583	0.2499
148	0.9583	0.2499
149	0.9583	0.2499
150	0.9583	0.2499
151	0.9583	0.2499
152	0.9583	0.2499
153	0.9583	0.2499
154	0.9583	0.2499
155	0.9583	0.2499
156	0.9583	0.2499
157	0.9583	0.2499
158	0.9583	0.2499
159	0.9583	0.2499
160	0.9583	0.2499
161	0.9583	0.2499
162	0.9583	0.2499
163	0.9583	0.2499
164	0.9583	0.2499
165	0.9583	0.2499
166	0.9583	0.2499
167	0.9583	0.2499
168	0.9583	0.2499
169	0.9583	0.2499
170	0.9583	0.2499
171	0.9583	0.2499
172	0.9583	0.2499
173	0.9583	0.2499
174	0.9583	0.2499
175	0.9583	0.2499
176	0.9583	0.2499
177	0.9583	0.2499
178	0.9583	0.2499
179	0.9583	0.2499
180	0.9583	0.2499
181	0.9583	0.2499
182	0.9583	0.2499
183	0.9583	0.2499
184	0.9583	0.2499
185	0.9583	0.2499
186	0.9583	0.2499
187	0.9583	0.2499
188	0.9583	0.2499
189	0.9583	0.2499
190	0.9583	0.2499
191	0.9583	0.2499
192	0.9583	0.2499
193	0.9583	0.2499
194	0.9583	0.2499
195	0.9583	0.2499
196	0.9583	0.2499
197	0.9583	0.2499
198	0.9583	0.2499
199	0.9583	0.2499
200	0.9583	0.2499
201	0.9583	0.2499
202	0.9583	0.2499
203	0.9583	0.2499
204	0.9583	0.2499
205	0.9583	0.2499
206	0.9583	0.2499
207	0.9583	0.2499
208	0.9583	0.2499
209	0.9583	0.2499
210	0.9583	0.2499
211	0.9583	0.2499
212	0.9583	0.2499
213	0.9583	0.2499
214	0.9583	0.2499
215	0.9583	0.2499
216	0.9583	0.2499
217	0.9583	0.2499
218	0.9583	0.2499
219	0.9583	0.2499
220	0.9583	0.2499
221	0.9583	0.2499
222	0.9583	0.2499
223	0.9583	0.2499
224	0.9583	0.2499
225	0.9583	0.2499
226	0.9583	0.2499
227	0.9583	0.2499
228	0.9583	0.2499
229	0.9583	0.2499
230	0.9583	0.2499
231	0.9583	0.2499
232	0.9583	0.2499
233	0.9583	0.2499
234	0.9583	0.2499
235	0.9583	0.2499
236	0.9583	0.2499
237	0.9583	0.2499
238	0.9583	0.2499
239	0.9583	0.2499
240	0.9583	0.2499
241	0.9583	0.2499
242	0.9583	0.2499
243	0.9583	0.2499
244	0.9583	0.2499
245	0.9583	0.2499
246	0.9583	0.2499
247	0.9583	0.2499
248	0.9583	0.2499
249	0.9583	0.2499
250	0.9583	0.2499
251	0.9583	0.2499
252	0.9583	0.2499
253	0.9583	0.2499
254	0.9583	0.2499
255	0.9583	0.2499
256	0.9583	0.2499
257	0.9583	0.2499
258	0.9583	0.2499
259	0.9583	0.2499
260	0.9583	0.2499
261	0.9583	0.2499
262	0.9583	0.2499
263	0.9583	0.2499
264	0.9583	0.2499
265	0.9583	0.2499
266	0.9583	0.2499
267	0.9583	0.2499
268	0.9583	0.2499
269	0.9583	0.2499
270	0.9583	0.2499
271	0.9583	0.2499
272	0.9583	0.2499
273	0.9583	0.2499
274	0.9583	0.2499
275	0.9583	0.2499
276	0.9583	0.2499
277	0.9583	0.2499
278	0.9583	0.2499
279	0.9583	0.2499
280	0.9583	0.2499
281	0.9583	0.2499
282	0.9583	0.2499
283	0.9583	0.2499
284	0.9583	0.2499
285	0.9583	0.2499
286	0.9583	0.2499
287	0.9583	0.2499
288	0.9583	0.2499
289	0.9583	0.2499
290	0.9583	0.2499
291	0.9583	0.2499
292	0.9583	0.2499
293	0.9583	0.2499
294	0.9583	0.2499
295	0.9583	0.2499
296	0.9583	0.2499
297	0.9583	0.2499
298	0.9583	0.2499
299	0.9583	0.2499
300	0.9583	0.2499
301	0.9583	0.2499
302	0.9583	0.2499
303	0.9583	0.2499
304	0.9583	0.2499
305	0.9583	0.2499
306	0.9583	0.2499
307	0.9583	0.2499
308	0.9583	0.2499
309	0.9583	0.2499
310	0.9583	0.2499
311	0.9583	0.2499
312	0.9583	0.2499
313	0.9583	0.2499
314	0.9583	0.2499
315	0.9583	0.2499
316	0.9583	0.2499
317	0.9583	0.2499
318	0.9583	0.2499
319	0.9583	0.2499
320	0.9583	0.2499
321	0.9583	0.2499
322	0.9583	0.2499
323	0.9583	0.2499
324	0.9583	0.2499
325	0.9583	0.2499
326	0.9583	0.2499
327	0.9583	0.2499
328	0.9583	0.2499
329	0.9583	0.2499
330	0.9583	0.2499
331	0.9583	0.2499
332	0.9583	0.2499
333	0.9583	0.2499
334	0.9583	0.2499
335	0.9583	0.2499
336	0.9583	0.2499
337	0.9583	0.2499
338	0.9583	0.2499
339	0.9583	0.2499
340	0.9583	0.2499
341	0.9583	0.2499
342	0.9583	0.2499
343	0.9583	0.2499
344	0.9583	0.2499
345	0.9583	0.2499
346	0.9583	0.2499
347	0.9583	0.2499
348	0.9583	0.2499
349	0.9583	0.2499
350	0.9583	0.2499
351	0.9583	0.2499
352	0.9583	0.2499
353	0.9583	0.2499
354	0.9583	0.2499
355	0.9583	0.2499
356	0.9583	0.2499
357	0.9583	0.2499
358	0.9583	0.2499
359	0.9583	0.2499
360	0.9583	0.2499
361	0.9583	0.2499
362	0.9583	0.2499
363	0.9583	0.2499
364	0.9583	0.2499
365	0.9583	0.2499
366	0.9583	0.2499
367	0.9583	0.2499
368	0.9583	0.2499
369	0.9583	0.2499
370	0.9583	0.2499
371	0.9583	0.2499
372	0.9583	0.2499
373	0.9583	0.2499
374	0.9583	0.2499
375	0.9583	0.2499
376	0.9583	0.2499
377	0.9583	0.2499
378	0.9583	0.2499
379	0.9583	0.2499
380	0.9583	0.2499
381	0.9583	0.2499
382	0.9583	0.2499
383	0.9583	0.2499
384	0.9583	0.2499
385	0.9583	0.2499
386	1.0000	0.0000
387	1.0000	0.0000
388	1.0000	0.0000
389	1.0000	0.0000
390	1.0000	0.0000
391	1.0000	0.0000
392	1.0000	0.0000
393	1.0000	0.0000
394	1.0000	0.0000
395	1.0000	0.0000
396	1.0000	0.0000
397	1.0000	0.0000
398	1.0000	0.0000
399	1.0000	0.0000
400	1.0000	0.0000
401	1.0000	0.0000
402	1.0000	0.0000
403	1.0000	0.0000
404	1.0000	0.0000
405	1.0000	0.0000
406	1.0000	0.0000
407	1.0000	0.0000
408	1.0000	0.0000
409	1.0000	0.0000
410	1.0000	0.0000
411	1.0000	0.0000
412	1.0000	0.0000
413	1.0000	0.0000
414	1.0000	0.0000
415	1.0000	0.0000
416	1.0000	0.0000
417	1.0000	0.0000
418	1.0000	0.0000
419	1.0000	0.0000
420	1.0000	0.0000
421	1.0000	0.0000
422	1.0000	0.0000
423	1.0000	0.0000
424	1.0000	0.0000
425	1.0000	0.0000
426	1.0000	0.0000
427	1.0000	0.0000
428	1.0000	0.0000
429	1.0000	0.0000
430	1.0000	0.0000
431	1.0000	0.0000
432	1.0000	0.0000
433	1.0000	0.0000
434	1.0000	0.0000
435	1.0000	0.0000
436	1.0000	0.0000
437	1.0000	0.0000
438	1.0000	0.0000
439	1.0000	0.0000
440	1.0000	0.0000
441	1.0000	0.0000
442	1.0000	0.0000
443	1.0000	0.0000
444	1.0000	0.0000
445	1.0000	0.0000
446	1.0000	0.0000
447	1.0000	0.0000
448	1.0000	0.0000
449	1.0000	0.0000
450	1.0000	0.0000
451	1.0000	0.0000
452	1.0000	0.0000
453	1.0000	0.0000
454	1.0000	0.0000
455	1.0000	0.0000
456	1.0000	0.0000
457	1.0000	0.0000
458	1.0000	0.0000
459	1.0000	0.0000
460	1.0000	0.0000
461	1.0000	0.0000
462	1.0000	0.0000
463	1.0000	0.0000
464	1.0000	0.0000
465	1.0000	0.0000
466	1.0000	0.0000
467	1.0000	0.0000
468	1.0000	0.0000
469	1.0000	0.0000
470	1.0000	0.0000
471	1.0000	0.0000
472	1.0000	0.0000
473	1.0000	0.0000
474	1.0000	0.0000
475	1.0000	0.0000
476	1.0000	0.0000
477	1.0000	0.0000
478	1.0000	0.0000
479	1.0000	0.0000
480	1.0000	0.0000
481	1.0000	0.0000
482	1.0000	0.0000
483	1.0000	0.0000
484	1.0000	0.0000
485	1.0000	0.0000
486	1.0000	0.0000
487	1.0000	0.0000
488	1.0000	0.0000
489	1.0000	0.0000
490	1.0000	0.0000
491	1.0000	0.0000
492	1.0000	0.0000
493	1.0000	0.0000
494	1.0000	0.0000
495	1.0000	0.0000
496	1.0000	0.0000
497	1.0000	0.0000
498	1.0000	0.0000
499	1.0000	0.0000
500	1.0000	0.0000
501	1.0000	0.0000
502	1.0000	0.0000
503	1.0000	0.0000
504	1.0000	0.0000
505	1.0000	0.0000
506	1.0000	0.0000
507	1.0000	0.0000
508	1.0000	0.0000
509	1.0000	0.0000
510	1.0000	0.0000
511	1.0000	0.0000
512	1.0000	0.0000
513	1.0000	0.0000
514	1.0000	0.0000
515	1.0000	0.0000
516	1.0000	0.0000
517	1.0000	0.0000
518	1.0000	0.0000
519	1.0000	0.0000
520	1.0000	0.0000
521	1.0000	0.0000
522	1.0000	0.0000
523	1.0000	0.0000
524	1.0000	0.0000
525	1.0000	0.0000
526	1.0000	0.0000
527	1.0000	0.0000
528	1.0000	0.0000
529	1.0000	0.0000
530	1.0000	0.0000
531	1.0000	0.0000
532	1.0000	0.0000
533	1.0000	0.0000
534	1.0000	0.0000
535	1.0000	0.0000
536	1.0000	0.0000
537	1.0000	0.0000
538	1.0000	0.0000
539	1.0000	0.0000
540	1.0000	0.0000
541	1.0000	0.0000
542	1.0000	0.0000
543	1.0000	0.0000
544	1.0000	0.0000
545	1.0000	0.0000
546	1.0000	0.0000
547	1.0000	0.0000
548	1.0000	0.0000
549	1.0000	0.0000
550	1.0000	0.0000
551	1.0000	0.0000
552	1.0000	0.0000
553	1.0000	0.0000
554	1.0000	0.0000
555	1.0000	0.0000
556	1.0000	0.0000
557	1.0000	0.0000
558	1.0000	0.0000
559	1.0000	0.0000
560	1.0000	0.0000
561	1.0000	0.0000
562	1.0000	0.0000
563	1.0000	0.0000
564	1.0000	0.0000
565	1.0000	0.0000
566	1.0000	0.0000
567	1.0000	0.0000
568	1.0000	0.0000
569	1.0000	0.0000
570	1.0000	0.0000
571	1.0000	0.0000
572	1.0000	0.0000
573	1.0000	0.0000
574	1.0000	0.0000
575	1.0000	0.0000
576	1.0000	0.0000
577	1.0000	0.0000
578	1.0000	0.0000
579	1.0000	0.0000
580	1.0000	0.0000
581	1.0000	0.0000
582	1.0000	0.0000
583	1.0000	0.0000
584	1.0000	0.0000
585	1.0000	0.0000
586	1.0000	0.0000
587	1.0000	0.0000
588	1.0000	0.0000
589	1.0000	0.0000
590	1.0000	0.0000
591	1.0000	0.0000
592	1.0000	0.0000
593	1.0000	0.0000
594	1.0000	0.0000
595	1.0000	0.0000
596	1.0000	0.0000
597	1.0000	0.0000
598	1.0000	0.0000
599	1.0000	0.0000
600	1.0000	0.0000
601	1.0000	0.0000
602	1.0000	0.0000
603	1.0000	0.0000
604	1.0000	0.0000
605	1.0000	0.0000
606	1.0000	0.0000
607	1.0000	0.0000
608	1.0000	0.0000
609	1.0000	0.0000
610	1.0000	0.0000
611	1.0000	0.0000
612	1.0000	0.0000
613	1.0000	0.0000
614	1.0000	0.0000
615	1.0000	0.0000
616	1.0000	0.0000
617	1.0000	0.0000
618	1.0000	0.0000
619	1.0000	0.0000
620	1.0000	0.0000
621	1.0000	0.0000
622	1.0000	0.0000
623	1.0000	0.0000
624	1.0000	0.0000
625	1.0000	0.0000
626	1.0000	0.0000
627	1.0000	0.0000
628	1.0000	0.0000
629	1.0000	0.0000
630	1.0000	0.0000
631	1.0000	0.0000
632	1.0000	0.0000
633	1.0000	0.0000
634	1.0000	0.0000
635	1.0000	0.0000
636	1.0000	0.0000
637	1.0000	0.0000
638	1.0000	0.0000
639	1.0000	0.0000
640	1.0000	0.0000
641	1.0000	0.0000
642	1.0000	0.0000
643	1.0000	0.0000
644	1.0000	0.0000
645	1.0000	0.0000
646	1.0000	0.0000
647	1.0000	0.0000
648	1.0000	0.0000
649	1.0000	0.0000
650	1.0000	0.0000
651	1.0000	0.0000
652	1.0000	0.0000
653	1.0000	0.0000
654	1.0000	0.0000
655	1.0000	0.0000
656	1.0000	0.0000
657	1.0000	0.0000
658	1.0000	0.0000
659	1.0000	0.0000
660	1.0000	0.0000
661	1.0000	0.0000
662	1.0000	0.0000
663	1.0000	0.0000
664	1.0000	0.0000
665	0.9583	0.2499
666	0.9583	0.2499
667	0.9583	0.2499
668	0.9583	0.2499
669	0.9583	0.2499
670	0.9583	0.2499
671	0.9583	0.2499
672	0.9583	0.2499
673	0.9167	0.4138
674	0.9167	0.4138
675	0.9167	0.4138
676	0.9583	0.2499
677	0.9583	0.2499
678	0.9583	0.2499
679	0.9583	0.2499
680	0.9583	0.2499
681	0.9583	0.2499
682	0.9583	0.2499
683	0.9583	0.2499
684	0.9583	0.2499
685	0.9167	0.4138
686	0.9167	0.4138
687	0.9167	0.4138
688	0.9167	0.4138
689	0.9167	0.4138
690	0.9167	0.4138
691	0.9167	0.4138
692	0.9583	0.2499
693	0.9583	0.2499
694	0.9167	0.4138
695	0.9167	0.4138
696	0.9167	0.4138
697	0.9167	0.4138
698	0.9167	0.4138
699	0.9167	0.4138
700	0.9167	0.4138
701	0.9167	0.4138
702	0.9167	0.4138
703	0.9167	0.4138
704	0.9583	0.2499
705	1.0000	0.0000
706	1.0000	0.0000
707	1.0000	0.0000
708	1.0000	0.0000
709	1.0000	0.0000
710	0.9583	0.2499
711	1.0000	0.0000
712	1.0000	0.0000
713	0.9583	0.2499
714	1.0000	0.0000
715	0.9583	0.2499
716	0.9583	0.2499
717	0.9583	0.2499
718	1.0000	0.0000
719	1.0000	0.0000
720	1.0000	0.0000
721	1.0000	0.0000
722	1.0000	0.0000
723	1.0000	0.0000
724	1.0000	0.0000
725	1.0000	0.0000
726	1.0000	0.0000
727	1.0000	0.0000
728	1.0000	0.0000
729	1.0000	0.0000
730	1.0000	0.0000
731	1.0000	0.0000
732	1.0000	0.0000
733	1.0000	0.0000
734	1.0000	0.0000
735	1.0000	0.0000
736	1.0000	0.0000
737	1.0000	0.0000
738	1.0000	0.0000
739	1.0000	0.0000
740	1.0000	0.0000
741	1.0000	0.0000
742	1.0000	0.0000
743	1.0000	0.0000
744	1.0000	0.0000
745	1.0000	0.0000
746	1.0000	0.0000
747	1.0000	0.0000
748	1.0000	0.0000
749	1.0000	0.0000
750	1.0000	0.0000
751	1.0000	0.0000
752	1.0000	0.0000
753	1.0000	0.0000
754	1.0000	0.0000
755	1.0000	0.0000
756	1.0000	0.0000
757	1.0000	0.0000
758	0.9583	0.2499
759	0.9583	0.2499
760	0.9167	0.4138
761	0.9167	0.4138
762	0.9167	0.4138
763	0.9167	0.4138
764	0.9583	0.2499
765	1.0000	0.0000
766	1.0000	0.0000
767	1.0000	0.0000
768	1.0000	0.0000
769	1.0000	0.0000
770	1.0000	0.0000
771	1.0000	0.0000
772	1.0000	0.0000
773	1.0000	0.0000
774	1.0000	0.0000
775	1.0000	0.0000
776	1.0000	0.0000
777	0.9583	0.2499
778	0.9583	0.2499
779	0.9583	0.2499
780	0.9583	0.2499
781	0.9583	0.2499
782	0.9583	0.2499
783	1.0000	0.0000
784	1.0000	0.0000
785	1.0000	0.0000
786	1.0000	0.0000
787	1.0000	0.0000
788	1.0000	0.0000
789	1.0000	0.0000
790	1.0000	0.0000
791	1.0000	0.0000
792	1.0000	0.0000
793	1.0000	0.0000
794	1.0000	0.0000
795	1.0000	0.0000
796	1.0000	0.0000
797	1.0000	0.0000
798	1.0000	0.0000
799	1.0000	0.0000
800	1.0000	0.0000
801	1.0000	0.0000
802	1.0000	0.0000
803	1.0000	0.0000
804	1.0000	0.0000
805	1.0000	0.0000
806	1.0000	0.0000
807	1.0000	0.0000
808	1.0000	0.0000
809	1.0000	0.0000
810	1.0000	0.0000
811	1.0000	0.0000
812	1.0000	0.0000
813	1.0000	0.0000
814	1.0000	0.0000
815	1.0000	0.0000
816	1.0000	0.0000
817	1.0000	0.0000
818	1.0000	0.0000
819	1.0000	0.0000
820	1.0000	0.0000
821	1.0000	0.0000
822	1.0000	0.0000
823	1.0000	0.0000
824	1.0000	0.0000
825	0.9583	0.2499
826	0.9583	0.2499
827	0.9583	0.2499
828	0.9583	0.2499
829	0.9583	0.2499
830	0.9583	0.2499
831	0.9583	0.2499
832	0.9583	0.2499
833	0.9583	0.2499
834	0.9583	0.2499
835	0.9583	0.2499
836	0.9167	0.4138
837	0.9583	0.2499
838	0.9167	0.4138
839	0.9167	0.4138
840	0.9167	0.4138
841	0.9167	0.4138
842	0.9167	0.4138
843	0.9583	0.2499
844	0.9167	0.4138
845	0.9167	0.4138
846	0.9167	0.4138
847	0.9583	0.2499
848	0.9583	0.2499
849	0.9583	0.2499
850	0.9583	0.2499
851	0.9583	0.2499
852	0.9167	0.4138
853	0.9167	0.4138
854	0.9583	0.2499
855	0.9583	0.2499
856	0.9583	0.2499
857	0.9583	0.2499
858	0.9583	0.2499
859	1.0000	0.0000
860	1.0000	0.0000
861	1.0000	0.0000
862	1.0000	0.0000
863	1.0000	0.0000
864	1.0000	0.0000
865	1.0000	0.0000
866	1.0000	0.0000
867	1.0000	0.0000
868	1.0000	0.0000
869	1.0000	0.0000
870	1.0000	0.0000
871	1.0000	0.0000
872	1.0000	0.0000
873	1.0000	0.0000
874	1.0000	0.0000
875	1.0000	0.0000
876	1.0000	0.0000
877	1.0000	0.0000
878	1.0000	0.0000
879	1.0000	0.0000
880	1.0000	0.0000
881	1.0000	0.0000
882	1.0000	0.0000
883	1.0000	0.0000
884	1.0000	0.0000
885	1.0000	0.0000
886	1.0000	0.0000
887	1.0000	0.0000
888	1.0000	0.0000
889	1.0000	0.0000
890	1.0000	0.0000
891	1.0000	0.0000
892	1.0000	0.0000
893	1.0000	0.0000
894	1.0000	0.0000
895	1.0000	0.0000
896	1.0000	0.0000
897	1.0000	0.0000
898	1.0000	0.0000
899	1.0000	0.0000
900	1.0000	0.0000
901	1.0000	0.0000
902	1.0000	0.0000
903	1.0000	0.0000
904	1.0000	0.0000
905	1.0000	0.0000
906	1.0000	0.0000
907	1.0000	0.0000
908	1.0000	0.0000
909	1.0000	0.0000
910	1.0000	0.0000
911	1.0000	0.0000
912	1.0000	0.0000
913	1.0000	0.0000
914	1.0000	0.0000
915	1.0000	0.0000
916	1.0000	0.0000
917	1.0000	0.0000
918	1.0000	0.0000
919	1.0000	0.0000
920	1.0000	0.0000
921	1.0000	0.0000
922	1.0000	0.0000
923	1.0000	0.0000
924	1.0000	0.0000
925	1.0000	0.0000
926	1.0000	0.0000
927	1.0000	0.0000
928	1.0000	0.0000
929	1.0000	0.0000
930	1.0000	0.0000
931	1.0000	0.0000
932	1.0000	0.0000
933	1.0000	0.0000
934	1.0000	0.0000
935	1.0000	0.0000
936	1.0000	0.0000
937	1.0000	0.0000
938	1.0000	0.0000
939	1.0000	0.0000
940	1.0000	0.0000
941	1.0000	0.0000
942	1.0000	0.0000
943	1.0000	0.0000
944	1.0000	0.0000
945	1.0000	0.0000
946	1.0000	0.0000
947	1.0000	0.0000
948	1.0000	0.0000
949	1.0000	0.0000
950	1.0000	0.0000
951	1.0000	0.0000
952	1.0000	0.0000
953	1.0000	0.0000
954	1.0000	0.0000
955	1.0000	0.0000
956	1.0000	0.0000
957	1.0000	0.0000
958	1.0000	0.0000
959	1.0000	0.0000
960	1.0000	0.0000
961	1.0000	0.0000
962	1.0000	0.0000
963	1.0000	0.0000
964	1.0000	0.0000
965	1.0000	0.0000
966	1.0000	0.0000
967	1.0000	0.0000
968	1.0000	0.0000
969	1.0000	0.0000
970	1.0000	0.0000
971	1.0000	0.0000
972	1.0000	0.0000
973	1.0000	0.0000
974	1.0000	0.0000
975	1.0000	0.0000
976	0.9583	0.2499
977	0.9583	0.2499
978	0.9583	0.2499
979	0.9583	0.2499
980	0.9583	0.2499
981	1.0000	0.0000
982	0.9583	0.2499
983	1.0000	0.0000
984	1.0000	0.0000
985	1.0000	0.0000
986	1.0000	0.0000
987	1.0000	0.0000
988	1.0000	0.0000
989	1.0000	0.0000
990	1.0000	0.0000
991	1.0000	0.0000
992	1.0000	0.0000
993	1.0000	0.0000
994	1.0000	0.0000
995	1.0000	0.0000
996	1.0000	0.0000
997	1.0000	0.0000
998	1.0000	0.0000
999	1.0000	0.0000
1000	1.0000	0.0000
1001	1.0000	0.0000
1002	1.0000	0.0000
1003	1.0000	0.0000
1004	1.0000	0.0000
1005	1.0000	0.0000
1006	1.0000	0.0000
1007	1.0000	0.0000
1008	1.0000	0.0000
1009	1.0000	0.0000
1010	1.0000	0.0000
1011	1.0000	0.0000
1012	1.0000	0.0000
1013	1.0000	0.0000
1014	1.0000	0.0000
1015	1.0000	0.0000
1016	1.0000	0.0000
1017	1.0000	0.0000
1018	1.0000	0.0000
1019	1.0000	0.0000
1020	1.0000	0.0000
1021	1.0000	0.0000
1022	1.0000	0.0000
1023	1.0000	0.0000
1024	1.0000	0.0000
1025	1.0000	0.0000
1026	1.0000	0.0000
1027	1.0000	0.0000
1028	1.0000	0.0000
1029	1.0000	0.0000
1030	1.0000	0.0000
1031	1.0000	0.0000
1032	1.0000	0.0000
1033	1.0000	0.0000
1034	1.0000	0.0000
1035	1.0000	0.0000
1036	1.0000	0.0000
1037	1.0000	0.0000
1038	1.0000	0.0000
1039	1.0000	0.0000
1040	1.0000	0.0000
1041	1.0000	0.0000
1042	1.0000	0.0000
1043	1.0000	0.0000
1044	1.0000	0.0000
1045	1.0000	0.0000
1046	1.0000	0.0000
1047	1.0000	0.0000
1048	1.0000	0.0000
1049	1.0000	0.0000
1050	1.0000	0.0000
1051	1.0000	0.0000
1052	1.0000	0.0000
1053	1.0000	0.0000
1054	1.0000	0.0000
1055	1.0000	0.0000
1056	1.0000	0.0000
1057	1.0000	0.0000
1058	1.0000	0.0000
1059	1.0000	0.0000
1060	1.0000	0.0000
1061	1.0000	0.0000
1062	1.0000	0.0000
1063	1.0000	0.0000
1064	1.0000	0.0000
1065	1.0000	0.0000
1066	1.0000	0.0000
1067	1.0000	0.0000
1068	1.0000	0.0000
1069	1.0000	0.0000
1070	1.0000	0.0000
1071	1.0000	0.0000
1072	1.0000	0.0000
1073	1.0000	0.0000
1074	1.0000	0.0000
1075	1.0000	0.0000
1076	1.0000	0.0000
1077	1.0000	0.0000
1078	1.0000	0.0000
1079	1.0000	0.0000
1080	1.0000	0.0000
1081	1.0000	0.0000
1082	1.0000	0.0000
1083	1.0000	0.0000
1084	1.0000	0.0000
1085	1.0000	0.0000
1086	1.0000	0.0000
1087	1.0000	0.0000
1088	1.0000	0.0000
1089	1.0000	0.0000
1090	1.0000	0.0000
1091	1.0000	0.0000
1092	1.0000	0.0000
1093	1.0000	0.0000
1094	1.0000	0.0000
1095	1.0000	0.0000
1096	1.0000	0.0000
1097	1.0000	0.0000
1098	1.0000	0.0000
1099	1.0000	0.0000
1100	1.0000	0.0000
1101	1.0000	0.0000
1102	1.0000	0.0000
1103	1.0000	0.0000
1104	1.0000	0.0000
1105	1.0000	0.0000
1106	1.0000	0.0000
1107	1.0000	0.0000
1108	1.0000	0.0000
1109	1.0000	0.0000
1110	1.0000	0.0000
1111	1.0000	0.0000
1112	1.0000	0.0000
1113	1.0000	0.0000
1114	1.0000	0.0000
1115	1.0000	0.0000
1116	1.0000	0.0000
1117	1.0000	0.0000
1118	1.0000	0.0000
1119	1.0000	0.0000
1120	1.0000	0.0000
1121	1.0000	0.0000
1122	1.0000	0.0000
1123	1.0000	0.0000
1124	1.0000	0.0000
1125	1.0000	0.0000
1126	1.0000	0.0000
1127	1.0000	0.0000
1128	1.0000	0.0000
1129	1.0000	0.0000
1130	1.0000	0.0000
1131	1.0000	0.0000
1132	1.0000	0.0000
1133	1.0000	0.0000
1134	1.0000	0.0000
1135	1.0000	0.0000
1136	1.0000	0.0000
1137	1.0000	0.0000
1138	1.0000	0.0000
1139	1.0000	0.0000
1140	1.0000	0.0000
1141	1.0000	0.0000
1142	1.0000	0.0000
1143	1.0000	0.0000
1144	1.0000	0.0000
1145	1.0000	0.0000
1146	1.0000	0.0000
1147	1.0000	0.0000
1148	1.0000	0.0000
1149	1.0000	0.0000
1150	1.0000	0.0000
1151	1.0000	0.0000
1152	1.0000	0.0000
1153	1.0000	0.0000
1154	1.0000	0.0000
1155	1.0000	0.0000
1156	1.0000	0.0000
1157	1.0000	0.0000
1158	1.0000	0.0000
1159	1.0000	0.0000
1160	1.0000	0.0000
1161	1.0000	0.0000
1162	1.0000	0.0000
1163	1.0000	0.0000
1164	1.0000	0.0000
1165	1.0000	0.0000
1166	1.0000	0.0000
1167	1.0000	0.0000
1168	1.0000	0.0000
1169	1.0000	0.0000
1170	1.0000	0.0000
1171	1.0000	0.0000
1172	1.0000	0.0000
1173	1.0000	0.0000
1174	1.0000	0.0000
1175	1.0000	0.0000
1176	1.0000	0.0000
1177	1.0000	0.0000
1178	1.0000	0.0000
1179	1.0000	0.0000
1180	1.0000	0.0000
1181	1.0000	0.0000
1182	1.0000	0.0000
1183	1.0000	0.0000
1184	1.0000	0.0000
1185	1.0000	0.0000
1186	1.0000	0.0000
1187	1.0000	0.0000
1188	1.0000	0.0000
1189	1.0000	0.0000
1190	1.0000	0.0000
1191	1.0000	0.0000
1192	1.0000	0.0000
1193	1.0000	0.0000
1194	1.0000	0.0000
1195	1.0000	0.0000
1196	1.0000	0.0000
1197	1.0000	0.0000
1198	1.0000	0.0000
1199	1.0000	0.0000
1200	1.0000	0.0000
1201	1.0000	0.0000
1202	1.0000	0.0000
1203	1.0000	0.0000
1204	1.0000	0.0000
1205	1.0000	0.0000
1206	1.0000	0.0000
1207	1.0000	0.0000
1208	1.0000	0.0000
1209	1.0000	0.0000
1210	1.0000	0.0000
1211	1.0000	0.0000
1212	1.0000	0.0000
1213	1.0000	0.0000
1214	1.0000	0.0000
1215	1.0000	0.0000
1216	1.0000	0.0000
1217	1.0000	0.0000
1218	1.0000	0.0000
1219	1.0000	0.0000
1220	1.0000	0.0000
1221	1.0000	0.0000
1222	1.0000	0.0000
1223	1.0000	0.0000
1224	1.0000	0.0000
1225	1.0000	0.0000
1226	1.0000	0.0000
1227	1.0000	0.0000
1228	1.0000	0.0000
1229	0.9583	0.2499
1230	0.9583	0.2499
1231	1.0000	0.0000
1232	1.0000	0.0000
1233	1.0000	0.0000
1234	1.0000	0.0000
1235	1.0000	0.0000
1236	1.0000	0.0000
1237	1.0000	0.0000
1238	1.0000	0.0000
1239	1.0000	0.0000
1240	1.0000	0.0000
1241	1.0000	0.0000
1242	1.0000	0.0000
1243	1.0000	0.0000
1244	1.0000	0.0000
1245	1.0000	0.0000
1246	1.0000	0.0000
1247	1.0000	0.0000
1248	0.9583	0.2499
1249	1.0000	0.0000
1250	1.0000	0.0000
1251	1.0000	0.0000
1252	1.0000	0.0000
1253	1.0000	0.0000
1254	1.0000	0.0000
1255	1.0000	0.0000
1256	1.0000	0.0000
1257	1.0000	0.0000
1258	1.0000	0.0000
1259	1.0000	0.0000
1260	1.0000	0.0000
1261	1.0000	0.0000
1262	1.0000	0.0000
1263	1.0000	0.0000
1264	1.0000	0.0000
1265	1.0000	0.0000
1266	1.0000	0.0000
1267	1.0000	0.0000
1268	1.0000	0.0000
1269	1.0000	0.0000
1270	1.0000	0.0000
1271	1.0000	0.0000
1272	1.0000	0.0000
1273	1.0000	0.0000
1274	1.0000	0.0000
1275	1.0000	0.0000
1276	1.0000	0.0000
1277	1.0000	0.0000
1278	1.0000	0.0000
1279	1.0000	0.0000
1280	1.0000	0.0000
1281	1.0000	0.0000
1282	1.0000	0.0000
1283	1.0000	0.0000
1284	1.0000	0.0000
1285	0.9583	0.2499
1286	0.9583	0.2499
1287	1.0000	0.0000
1288	1.0000	0.0000
1289	1.0000	0.0000
1290	1.0000	0.0000
1291	1.0000	0.0000
1292	1.0000	0.0000
1293	1.0000	0.0000
1294	1.0000	0.0000
1295	1.0000	0.0000
1296	1.0000	0.0000
1297	1.0000	0.0000
1298	1.0000	0.0000
1299	1.0000	0.0000
1300	1.0000	0.0000
1301	1.0000	0.0000
1302	1.0000	0.0000
1303	1.0000	0.0000
1304	1.0000	0.0000
1305	1.0000	0.0000
1306	1.0000	0.0000
1307	1.0000	0.0000
1308	1.0000	0.0000
1309	1.0000	0.0000
1310	1.0000	0.0000
1311	1.0000	0.0000
1312	1.0000	0.0000
1313	1.0000	0.0000
1314	1.0000	0.0000
1315	1.0000	0.0000
1316	1.0000	0.0000
1317	1.0000	0.0000
1318	1.0000	0.0000
1319	1.0000	0.0000
1320	1.0000	0.0000
1321	1.0000	0.0000
1322	1.0000	0.0000
1323	1.0000	0.0000
1324	1.0000	0.0000
1325	1.0000	0.0000
1326	1.0000	0.0000
1327	1.0000	0.0000
1328	1.0000	0.0000
1329	1.0000	0.0000
1330	1.0000	0.0000
1331	1.0000	0.0000
1332	1.0000	0.0000
1333	1.0000	0.0000
1334	1.0000	0.0000
1335	1.0000	0.0000
1336	1.0000	0.0000
1337	0.9583	0.2499
1338	1.0000	0.0000
1339	1.0000	0.0000
1340	1.0000	0.0000
1341	1.0000	0.0000
1342	1.0000	0.0000
1343	1.0000	0.0000
1344	1.0000	0.0000
1345	1.0000	0.0000
1346	1.0000	0.0000
1347	1.0000	0.0000
1348	1.0000	0.0000
1349	1.0000	0.0000
1350	1.0000	0.0000
1351	1.0000	0.0000
1352	1.0000	0.0000
1353	1.0000	0.0000
1354	1.0000	0.0000
1355	1.0000	0.0000
1356	1.0000	0.0000
1357	1.0000	0.0000
1358	1.0000	0.0000
1359	1.0000	0.0000
1360	1.0000	0.0000
1361	1.0000	0.0000
1362	1.0000	0.0000
1363	1.0000	0.0000
1364	1.0000	0.0000
1365	1.0000	0.0000
1366	1.0000	0.0000
1367	1.0000	0.0000
1368	1.0000	0.0000
1369	1.0000	0.0000
1370	1.0000	0.0000
1371	1.0000	0.0000
1372	1.0000	0.0000
1373	1.0000	0.0000
1374	1.0000	0.0000
1375	1.0000	0.0000
1376	1.0000	0.0000
1377	1.0000	0.0000
1378	1.0000	0.0000
1379	1.0000	0.0000
1380	1.0000	0.0000
1381	1.0000	0.0000
1382	1.0000	0.0000
1383	1.0000	0.0000
1384	1.0000	0.0000
1385	1.0000	0.0000
1386	1.0000	0.0000
1387	1.0000	0.0000
1388	1.0000	0.0000
1389	1.0000	0.0000
1390	1.0000	0.0000
1391	1.0000	0.0000
1392	1.0000	0.0000
1393	1.0000	0.0000
1394	1.0000	0.0000
1395	1.0000	0.0000
1396	1.0000	0.0000
1397	1.0000	0.0000
1398	1.0000	0.0000
1399	1.0000	0.0000
1400	1.0000	0.0000
1401	1.0000	0.0000
1402	1.0000	0.0000
1403	1.0000	0.0000
1404	1.0000	0.0000
1405	1.0000	0.0000
1406	1.0000	0.0000
1407	1.0000	0.0000
1408	1.0000	0.0000
1409	1.0000	0.0000
1410	1.0000	0.0000
1411	1.0000	0.0000
1412	1.0000	0.0000
1413	1.0000	0.0000
1414	1.0000	0.0000
1415	1.0000	0.0000
1416	1.0000	0.0000
1417	1.0000	0.0000
1418	1.0000	0.0000
1419	1.0000	0.0000
1420	1.0000	0.0000
1421	1.0000	0.0000
1422	1.0000	0.0000
1423	1.0000	0.0000
1424	1.0000	0.0000
1425	1.0000	0.0000
1426	1.0000	0.0000
1427	1.0000	0.0000
1428	1.0000	0.0000
1429	1.0000	0.0000
1430	1.0000	0.0000
1431	1.0000	0.0000
1432	1.0000	0.0000
1433	1.0000	0.0000
1434	1.0000	0.0000
1435	1.0000	0.0000
1436	1.0000	0.0000
1437	1.0000	0.0000
1438	1.0000	0.0000
1439	1.0000	0.0000
1440	1.0000	0.0000
1441	1.0000	0.0000
1442	1.0000	0.0000
1443	1.0000	0.0000
1444	1.0000	0.0000
1445	1.0000	0.0000
1446	1.0000	0.0000
1447	1.0000	0.0000
1448	1.0000	0.0000
1449	1.0000	0.0000
1450	1.0000	0.0000
1451	1.0000	0.0000
1452	1.0000	0.0000
1453	1.0000	0.0000
1454	1.0000	0.0000
1455	1.0000	0.0000
1456	1.0000	0.0000
1457	1.0000	0.0000
1458	1.0000	0.0000
1459	1.0000	0.0000
1460	1.0000	0.0000
1461	1.0000	0.0000
1462	1.0000	0.0000
1463	1.0000	0.0000
1464	1.0000	0.0000
1465	1.0000	0.0000
1466	1.0000	0.0000
1467	1.0000	0.0000
1468	1.0000	0.0000
1469	1.0000	0.0000
1470	1.0000	0.0000
1471	1.0000	0.0000
1472	1.0000	0.0000
1473	1.0000	0.0000
1474	1.0000	0.0000
1475	1.0000	0.0000
1476	1.0000	0.0000
1477	1.0000	0.0000
1478	1.0000	0.0000
1479	1.0000	0.0000
1480	1.0000	0.0000
1481	1.0000	0.0000
1482	1.0000	0.0000
1483	0.9583	0.2499
1484	0.9583	0.2499
1485	0.9583	0.2499
1486	0.9583	0.2499
1487	0.9583	0.2499
1488	0.9583	0.2499
1489	0.9583	0.2499
1490	0.9583	0.2499
1491	1.0000	0.0000
1492	1.0000	0.0000
1493	1.0000	0.0000
1494	1.0000	0.0000
1495	1.0000	0.0000
1496	1.0000	0.0000
1497	1.0000	0.0000
1498	1.0000	0.0000
1499	1.0000	0.0000
1500	1.0000	0.0000
1501	1.0000	0.0000
1502	1.0000	0.0000
1503	1.0000	0.0000
1504	0.9583	0.2499
1505	0.9583	0.2499
1506	0.9583	0.2499
1507	0.9583	0.2499
1508	0.9583	0.2499
1509	0.9583	0.2499
1510	0.9583	0.2499
1511	0.9583	0.2499
1512	0.9583	0.2499
1513	0.9583	0.2499
1514	0.9583	0.2499
1515	1.0000	0.0000
1516	1.0000	0.0000
1517	0.9583	0.2499
1518	0.9583	0.2499
1519	0.9583	0.2499
1520	0.9583	0.2499
1521	1.0000	0.0000
1522	1.0000	0.0000
1523	0.9583	0.2499
1524	0.9583	0.2499
1525	0.9583	0.2499
1526	0.9583	0.2499
1527	0.9583	0.2499
1528	0.9583	0.2499
1529	0.9583	0.2499
1530	0.9583	0.2499
1531	0.9583	0.2499
1532	0.9583	0.2499
1533	1.0000	0.0000
1534	1.0000	0.0000
1535	0.9583	0.2499
1536	0.9583	0.2499
1537	0.9583	0.2499
1538	0.9583	0.2499
1539	1.0000	0.0000
1540	1.0000	0.0000
1541	1.0000	0.0000
1542	1.0000	0.0000
1543	0.9583	0.2499
1544	0.9583	0.2499
1545	0.9583	0.2499
1546	0.9583	0.2499
1547	0.9583	0.2499
1548	0.9583	0.2499
1549	0.9583	0.2499
1550	0.9583	0.2499
1551	0.9583	0.2499
1552	0.9583	0.2499
1553	0.9583	0.2499
1554	1.0000	0.0000
1555	1.0000	0.0000
1556	0.9583	0.2499
1557	0.9583	0.2499
1558	0.9583	0.2499
1559	0.9583	0.2499
1560	0.9583	0.2499
1561	0.9583	0.2499
1562	0.9583	0.2499
1563	0.9583	0.2499
1564	0.9583	0.2499
1565	0.9583	0.2499
1566	0.9583	0.2499
1567	0.9583	0.2499
1568	0.9583	0.2499
1569	0.9167	0.4138
1570	0.9583	0.2499
1571	0.9167	0.4972
1572	0.9583	0.2499
1573	0.9583	0.2499
1574	0.9583	0.2499
1575	0.9583	0.2499
1576	0.9583	0.2499
1577	0.9583	0.2499
1578	0.9583	0.2499
1579	0.9583	0.2499
1580	0.9583	0.2499
1581	0.9583	0.2499
1582	0.9583	0.2499
1583	0.9583	0.2499
1584	0.9583	0.2499
1585	0.9583	0.2499
1586	0.9583	0.2499
1587	0.9583	0.2499
1588	0.9583	0.2499
1589	0.9583	0.2499
1590	0.9583	0.2499
1591	0.9583	0.2499
1592	0.9583	0.2499
1593	0.9583	0.2499
1594	0.9583	0.2499
1595	0.9583	0.2499
1596	0.9583	0.2499
1597	0.9583	0.2499
1598	0.9583	0.2499
1599	0.9583	0.2499
1600	0.9583	0.2499
1601	0.9583	0.2499
1602	0.9583	0.2499
1603	0.9583	0.2499
1604	0.9583	0.2499
1605	0.9583	0.2499
1606	0.9583	0.2499
1607	0.9583	0.2499
1608	0.9583	0.2499
1609	0.9583	0.2499
1610	0.9583	0.2499
1611	0.9583	0.2499
1612	0.9583	0.2499
1613	0.9583	0.2499
1614	0.9583	0.2499
1615	0.9583	0.2499
1616	0.9583	0.2499
1617	0.9583	0.2499
1618	0.9583	0.2499
1619	0.9583	0.2499
1620	0.9583	0.2499
1621	0.9583	0.2499
1622	0.9583	0.2499
1623	0.9583	0.2499
1624	0.9583	0.2499
1625	0.9583	0.2499
1626	0.9583	0.2499
1627	0.9583	0.2499
1628	0.9583	0.2499
1629	0.9583	0.2499
1630	0.9583	0.2499
1631	0.9583	0.2499
1632	0.9583	0.2499
1633	0.9583	0.2499
1634	0.9583	0.2499
1635	0.9583	0.2499
1636	0.9583	0.2499
1637	0.9583	0.2499
1638	0.9583	0.2499
1639	0.9583	0.2499
1640	0.9583	0.2499
1641	0.9583	0.2499
1642	0.9583	0.2499
1643	0.9583	0.2499
1644	0.9583	0.2499
1645	0.9583	0.2499
1646	0.9583	0.2499
1647	0.9583	0.2499
1648	0.9583	0.2499
1649	0.9583	0.2499
1650	0.9583	0.2499
1651	0.9583	0.2499
1652	0.9583	0.2499
1653	0.9583	0.2499
1654	0.9583	0.2499
1655	0.9583	0.2499
1656	0.9583	0.2499
1657	0.8750	0.5436
1658	0.8333	0.6500
1659	0.8333	0.6500
1660	0.8333	0.6500
1661	0.8333	0.6500
1662	0.8333	0.6500
1663	0.8333	0.6500
1664	0.8333	0.6500
1665	0.8750	0.5436
1666	0.8750	0.5436
1667	0.8750	0.5436
1668	0.8750	0.5436
1669	0.9167	0.4138
1670	0.9167	0.4138
1671	0.9167	0.4138
1672	0.9167	0.4138
1673	0.9167	0.4138
1674	0.9167	0.4138
1675	0.9167	0.4138
1676	0.9167	0.4138
1677	0.9167	0.4138
1678	0.9167	0.4138
1679	0.9167	0.4138
1680	0.9167	0.4138
1681	0.9167	0.4138
1682	0.9167	0.4138
1683	0.8750	0.5436
1684	0.9167	0.4138
1685	0.9167	0.4138
1686	0.9167	0.4138
1687	0.9167	0.4138
1688	0.9167	0.4138
1689	0.9167	0.4138
1690	0.9167	0.4138
1691	0.9167	0.4138
1692	0.9167	0.4138
1693	0.9167	0.4138
1694	0.9167	0.4138
1695	0.8750	0.5436
1696	0.8750	0.5436
1697	0.8750	0.5436
1698	0.8750	0.5436
1699	0.8750	0.5436
1700	0.8750	0.5436
1701	0.8750	0.5436
1702	0.8750	0.5436
1703	0.8750	0.5436
1704	0.8750	0.5436
1705	0.8750	0.5436
1706	0.8750	0.5436
1707	0.8750	0.5436
1708	0.8750	0.5436
1709	0.8750	0.5436
1710	0.8750	0.5436
1711	0.8333	0.6500
1712	0.8333	0.6500
1713	0.8750	0.5436
1714	0.8750	0.5436
1715	0.8750	0.5436
1716	0.8750	0.5436
1717	0.9167	0.4138
1718	0.9167	0.4138
1719	0.9167	0.4138
1720	0.8750	0.5436
1721	0.8750	0.5436
1722	0.8750	0.5436
1723	0.8750	0.5436
1724	0.9167	0.4138
1725	0.9167	0.4138
1726	0.9167	0.4138
1727	0.9167	0.4138
1728	0.9167	0.4138
1729	0.9167	0.4138
1730	0.9167	0.4138
1731	0.9167	0.4138
1732	0.8750	0.5436
1733	0.9167	0.4138
1734	0.8750	0.5436
1735	0.8750	0.5436
1736	0.8750	0.5436
1737	0.9167	0.4138
1738	0.9167	0.4138
1739	0.9167	0.4138
1740	0.9167	0.4138
1741	0.9167	0.4138
1742	0.9167	0.4138
1743	0.9167	0.4138
1744	0.9167	0.4138
1745	0.9167	0.4138
1746	0.9167	0.4138
1747	0.9167	0.4138
1748	0.9167	0.4138
1749	0.9167	0.4138
1750	0.9167	0.4138
1751	0.9167	0.4138
1752	0.9167	0.4138
1753	0.9167	0.4138
1754	0.9167	0.4138
1755	0.9167	0.4138
1756	0.9167	0.4138
1757	0.9167	0.4138
1758	0.9167	0.4138
1759	0.9167	0.4138
1760	0.9167	0.4138
1761	0.9167	0.4138
1762	0.9167	0.4138
1763	0.9167	0.4138
1764	0.9167	0.4138
1765	0.9167	0.4138
1766	0.9167	0.4138
1767	0.9167	0.4138
1768	0.9167	0.4138
1769	0.9167	0.4138
1770	0.9167	0.4138
1771	0.9167	0.4138
1772	0.9167	0.4138
1773	0.9167	0.4138
1774	0.9167	0.4138
1775	0.9167	0.4138
1776	0.9167	0.4138
1777	0.9167	0.4138
1778	0.9167	0.4138
1779	0.9167	0.4138
1780	0.9167	0.4138
1781	0.9167	0.4138
1782	0.9167	0.4138
1783	0.9167	0.4138
1784	0.9167	0.4138
1785	0.9583	0.2499
1786	0.9583	0.2499
1787	0.9583	0.2499
1788	0.9583	0.2499
1789	0.9583	0.2499
1790	0.9583	0.2499
1791	0.9167	0.4972
1792	0.9583	0.2499
1793	0.9583	0.2499
1794	0.9583	0.2499
1795	0.9583	0.2499
1796	0.9583	0.2499
1797	1.0000	0.0000
1798	1.0000	0.0000
1799	1.0000	0.0000
1800	1.0000	0.0000
1801	1.0000	0.0000
1802	1.0000	0.0000
1803	1.0000	0.0000
1804	1.0000	0.0000
1805	1.0000	0.0000
1806	1.0000	0.0000
1807	1.0000	0.0000
1808	1.0000	0.0000
1809	1.0000	0.0000
1810	1.0000	0.0000
1811	1.0000	0.0000
1812	1.0000	0.0000
1813	1.0000	0.0000
1814	1.0000	0.0000
1815	1.0000	0.0000
1816	1.0000	0.0000
1817	1.0000	0.0000
1818	1.0000	0.0000
1819	1.0000	0.0000
1820	1.0000	0.0000
1821	1.0000	0.0000
1822	1.0000	0.0000
1823	1.0000	0.0000
1824	1.0000	0.0000
1825	1.0000	0.0000
1826	1.0000	0.0000
1827	1.0000	0.0000
1828	1.0000	0.0000
1829	1.0000	0.0000
1830	1.0000	0.0000
1831	1.0000	0.0000
1832	1.0000	0.0000
1833	1.0000	0.0000
1834	0.9583	0.2499
1835	0.9583	0.2499
1836	0.9583	0.2499
1837	0.9583	0.2499
1838	0.9583	0.2499
1839	0.9583	0.2499
1840	0.9583	0.2499
1841	1.0000	0.0000
1842	1.0000	0.0000
1843	1.0000	0.0000
1844	1.0000	0.0000
1845	1.0000	0.0000
1846	1.0000	0.0000
1847	1.0000	0.0000
1848	1.0000	0.0000
1849	1.0000	0.0000
1850	1.0000	0.0000
1851	1.0000	0.0000
1852	1.0000	0.0000
1853	1.0000	0.0000
1854	1.0000	0.0000
1855	1.0000	0.0000
1856	1.0000	0.0000
1857	1.0000	0.0000
1858	1.0000	0.0000
1859	1.0000	0.0000
1860	1.0000	0.0000
1861	1.0000	0.0000
1862	1.0000	0.0000
1863	1.0000	0.0000
1864	1.0000	0.0000
1865	1.0000	0.0000
1866	1.0000	0.0000
1867	1.0000	0.0000
1868	1.0000	0.0000
1869	1.0000	0.0000
1870	1.0000	0.0000
1871	1.0000	0.0000
1872	1.0000	0.0000
1873	1.0000	0.0000
1874	1.0000	0.0000
1875	1.0000	0.0000
1876	1.0000	0.0000
1877	1.0000	0.0000
1878	1.0000	0.0000
1879	1.0000	0.0000
1880	1.0000	0.0000
1881	1.0000	0.0000
1882	1.0000	0.0000
1883	1.0000	0.0000
1884	1.0000	0.0000
1885	1.0000	0.0000
1886	1.0000	0.0000
1887	1.0000	0.0000
1888	1.0000	0.0000
1889	1.0000	0.0000
1890	1.0000	0.0000
1891	1.0000	0.0000
1892	1.0000	0.0000
1893	1.0000	0.0000
1894	1.0000	0.0000
1895	1.0000	0.0000
1896	1.0000	0.0000
1897	1.0000	0.0000
1898	1.0000	0.0000
1899	1.0000	0.0000
1900	1.0000	0.0000
1901	1.0000	0.0000
1902	1.0000	0.0000
1903	1.0000	0.0000
1904	1.0000	0.0000
1905	1.0000	0.0000
1906	1.0000	0.0000
1907	1.0000	0.0000
1908	1.0000	0.0000
1909	1.0000	0.0000
1910	1.0000	0.0000
1911	1.0000	0.0000
1912	1.0000	0.0000
1913	1.0000	0.0000
1914	1.0000	0.0000
1915	1.0000	0.0000
1916	1.0000	0.0000
1917	1.0000	0.0000
1918	1.0000	0.0000
1919	1.0000	0.0000
1920	1.0000	0.0000
1921	1.0000	0.0000
1922	1.0000	0.0000
1923	1.0000	0.0000
1924	1.0000	0.0000
1925	1.0000	0.0000
1926	1.0000	0.0000
1927	1.0000	0.0000
1928	1.0000	0.0000
1929	1.0000	0.0000
1930	1.0000	0.0000
1931	1.0000	0.0000
1932	1.0000	0.0000
1933	1.0000	0.0000
1934	1.0000	0.0000
1935	1.0000	0.0000
1936	1.0000	0.0000
1937	1.0000	0.0000
1938	1.0000	0.0000
1939	1.0000	0.0000
1940	1.0000	0.0000
1941	1.0000	0.0000
1942	1.0000	0.0000
1943	1.0000	0.0000
1944	1.0000	0.0000
1945	1.0000	0.0000
1946	1.0000	0.0000
1947	1.0000	0.0000
1948	1.0000	0.0000
1949	1.0000	0.0000
1950	1.0000	0.0000
1951	0.9583	0.2499
1952	1.0000	0.0000
1953	1.0000	0.0000
1954	1.0000	0.0000
1955	1.0000	0.0000
1956	1.0000	0.0000
1957	1.0000	0.0000
1958	1.0000	0.0000
1959	1.0000	0.0000
1960	1.0000	0.0000
1961	1.0000	0.0000
1962	1.0000	0.0000
1963	1.0000	0.0000
1964	1.0000	0.0000
1965	1.0000	0.0000
1966	1.0000	0.0000
1967	1.0000	0.0000
1968	1.0000	0.0000
1969	1.0000	0.0000
1970	1.0000	0.0000
1971	1.0000	0.0000
1972	1.0000	0.0000
1973	1.0000	0.0000
1974	1.0000	0.0000
1975	1.0000	0.0000
1976	1.0000	0.0000
1977	1.0000	0.0000
1978	1.0000	0.0000
1979	1.0000	0.0000
1980	1.0000	0.0000
1981	1.0000	0.0000
1982	1.0000	0.0000
1983	1.0000	0.0000
1984	1.0000	0.0000
1985	1.0000	0.0000
1986	1.0000	0.0000
1987	1.0000	0.0000
1988	1.0000	0.0000
1989	1.0000	0.0000
1990	1.0000	0.0000
1991	1.0000	0.0000
1992	1.0000	0.0000
1993	1.0000	0.0000
1994	1.0000	0.0000
1995	1.0000	0.0000
1996	1.0000	0.0000
1997	1.0000	0.0000
1998	1.0000	0.0000
1999	1.0000	0.0000
2000	1.0000	0.0000
2001	1.0000	0.0000
2002	1.0000	0.0000
2003	1.0000	0.0000
2004	1.0000	0.0000
2005	1.0000	0.0000
2006	1.0000	0.0000
2007	1.0000	0.0000
2008	1.0000	0.0000
2009	1.0000	0.0000
2010	1.0000	0.0000
2011	1.0000	0.0000
2012	1.0000	0.0000
2013	1.0000	0.0000
2014	1.0000	0.0000
2015	1.0000	0.0000
2016	1.0000	0.0000
2017	1.0000	0.0000
2018	1.0000	0.0000
2019	1.0000	0.0000
2020	1.0000	0.0000
2021	1.0000	0.0000
2022	1.0000	0.0000
2023	1.0000	0.0000
2024	1.0000	0.0000
2025	1.0000	0.0000
2026	1.0000	0.0000
2027	1.0000	0.0000
2028	1.0000	0.0000
2029	1.0000	0.0000
2030	1.0000	0.0000
2031	1.0000	0.0000
2032	1.0000	0.0000
2033	1.0000	0.0000
2034	1.0000	0.0000
2035	1.0000	0.0000
2036	1.0000	0.0000
2037	1.0000	0.0000
2038	1.0000	0.0000
2039	1.0000	0.0000
2040	1.0000	0.0000
2041	1.0000	0.0000
2042	1.0000	0.0000
2043	1.0000	0.0000
2044	1.0000	0.0000
2045	1.0000	0.0000
2046	1.0000	0.0000
2047	1.0000	0.0000
2048	1.0000	0.0000
2049	1.0000	0.0000
2050	1.0000	0.0000
2051	1.0000	0.0000
2052	1.0000	0.0000
2053	1.0000	0.0000
2054	1.0000	0.0000
2055	1.0000	0.0000
2056	1.0000	0.0000
2057	1.0000	0.0000
2058	1.0000	0.0000
2059	1.0000	0.0000
2060	1.0000	0.0000
2061	1.0000	0.0000
2062	1.0000	0.0000
2063	1.0000	0.0000
2064	1.0000	0.0000
2065	1.0000	0.0000
2066	1.0000	0.0000
2067	1.0000	0.0000
2068	1.0000	0.0000
2069	1.0000	0.0000
2070	1.0000	0.0000
2071	1.0000	0.0000
2072	1.0000	0.0000
2073	1.0000	0.0000
2074	1.0000	0.0000
2075	1.0000	0.0000
2076	1.0000	0.0000
2077	1.0000	0.0000
2078	1.0000	0.0000
2079	1.0000	0.0000
2080	1.0000	0.0000
2081	1.0000	0.0000
2082	1.0000	0.0000
2083	1.0000	0.0000
2084	1.0000	0.0000
2085	1.0000	0.0000
2086	1.0000	0.0000
2087	1.0000	0.0000
2088	1.0000	0.0000
2089	1.0000	0.0000
2090	1.0000	0.0000
2091	1.0000	0.0000
2092	1.0000	0.0000
2093	1.0000	0.0000
2094	1.0000	0.0000
2095	1.0000	0.0000
2096	1.0000	0.0000
2097	1.0000	0.0000
2098	1.0000	0.0000
2099	1.0000	0.0000
2100	1.0000	0.0000
2101	1.0000	0.0000
2102	1.0000	0.0000
2103	1.0000	0.0000
2104	1.0000	0.0000
2105	1.0000	0.0000
2106	1.0000	0.0000
2107	1.0000	0.0000
2108	1.0000	0.0000
2109	1.0000	0.0000
2110	1.0000	0.0000
2111	1.0000	0.0000
2112	1.0000	0.0000
2113	1.0000	0.0000
2114	1.0000	0.0000
2115	1.0000	0.0000
2116	1.0000	0.0000
2117	1.0000	0.0000
2118	1.0000	0.0000
2119	1.0000	0.0000
2120	1.0000	0.0000
2121	1.0000	0.0000
2122	1.0000	0.0000
2123	1.0000	0.0000
2124	1.0000	0.0000
2125	1.0000	0.0000
2126	1.0000	0.0000
2127	1.0000	0.0000
2128	1.0000	0.0000
2129	1.0000	0.0000
2130	1.0000	0.0000
2131	1.0000	0.0000
2132	1.0000	0.0000
2133	1.0000	0.0000
2134	1.0000	0.0000
2135	1.0000	0.0000
2136	1.0000	0.0000
2137	1.0000	0.0000
2138	1.0000	0.0000
2139	1.0000	0.0000
2140	1.0000	0.0000
2141	1.0000	0.0000
2142	1.0000	0.0000
2143	1.0000	0.0000
2144	1.0000	0.0000
2145	1.0000	0.0000
2146	1.0000	0.0000
2147	1.0000	0.0000
2148	1.0000	0.0000
2149	1.0000	0.0000
2150	1.0000	0.0000
2151	1.0000	0.0000
2152	1.0000	0.0000
2153	1.0000	0.0000
2154	1.0000	0.0000
2155	1.0000	0.0000
2156	1.0000	0.0000
2157	1.0000	0.0000
2158	1.0000	0.0000
2159	1.0000	0.0000
2160	1.0000	0.0000
2161	1.0000	0.0000
2162	1.0000	0.0000
2163	1.0000	0.0000
2164	1.0000	0.0000
2165	1.0000	0.0000
2166	1.0000	0.0000
2167	1.0000	0.0000
2168	1.0000	0.0000
2169	1.0000	0.0000
2170	1.0000	0.0000
2171	1.0000	0.0000
2172	1.0000	0.0000
2173	1.0000	0.0000
2174	1.0000	0.0000
2175	1.0000	0.0000
2176	1.0000	0.0000
2177	1.0000	0.0000
2178	1.0000	0.0000
2179	1.0000	0.0000
2180	1.0000	0.0000
2181	1.0000	0.0000
2182	1.0000	0.0000
2183	1.0000	0.0000
2184	1.0000	0.0000
2185	1.0000	0.0000
2186	1.0000	0.0000
2187	1.0000	0.0000
2188	1.0000	0.0000
2189	1.0000	0.0000
2190	1.0000	0.0000
2191	1.0000	0.0000
2192	1.0000	0.0000
2193	1.0000	0.0000
2194	1.0000	0.0000
2195	1.0000	0.0000
2196	1.0000	0.0000
2197	1.0000	0.0000
2198	1.0000	0.0000
2199	1.0000	0.0000
2200	1.0000	0.0000
2201	1.0000	0.0000
2202	1.0000	0.0000
2203	1.0000	0.0000
2204	1.0000	0.0000
2205	1.0000	0.0000
2206	1.0000	0.0000
2207	1.0000	0.0000
2208	1.0000	0.0000
2209	1.0000	0.0000
2210	1.0000	0.0000
2211	1.0000	0.0000
2212	1.0000	0.0000
2213	1.0000	0.0000
2214	1.0000	0.0000
2215	1.0000	0.0000
2216	1.0000	0.0000
2217	1.0000	0.0000
