method,track,sim_regime,root_id,N,H,sample_seed,valid,tree_kl,split_kl,rf,quartet,branch_w_all,terminal_edit,runtime
neutral_bd,empirical,,NODE_0000165,16,0.013320798749999996,0,20,0.6931471700599452,90.25254484927277,0.956,0.6485714285714286,0.002837282430713797,0.3823743507954034,8.21384572982788
neutral_bd,sim_neutral,neutral,NODE_0000165,16,0.013320798749999996,0,20,0.6931471605599453,44.74019604761371,0.9571428571428572,0.6327747252747252,0.0008269851257435615,0.024843385780885782,8.21384572982788
empirical_bd,empirical,,NODE_0000165,16,0.013320798749999996,0,20,0.6931471700599454,89.51584458532176,0.9440000000000001,0.6106043956043956,0.002837282430713797,0.38220696335827914,5.951419115066528
empirical_bd,sim_neutral,neutral,NODE_0000165,16,0.013320798749999996,0,20,0.6931471605599453,44.74019604761371,0.9535714285714285,0.6357417582417583,0.0008269851257435615,0.024839743589743588,5.951419115066528
plm_prior,empirical,,NODE_0000165,16,0.013320798749999996,0,20,0.6931471700599454,89.33115582235598,0.9440000000000001,0.5883791208791209,0.002837282430713797,0.38225024792459,2.8933942317962646
plm_prior,sim_neutral,neutral,NODE_0000165,16,0.013320798749999996,0,20,0.6931471605599453,44.74019604761371,0.9357142857142857,0.6073626373626374,0.0008269851257435615,0.024839743589743588,2.8933942317962646
phylaflow,empirical,,NODE_0000165,16,0.013320798749999996,0,20,0.6931471700599451,94.05062458505341,0.9711376811594203,0.6873076923076923,0.0028579050462580933,0.3812451948636159,6.03576922416687
phylaflow,sim_neutral,neutral,NODE_0000165,16,0.013320798749999996,0,20,0.6931471610599452,78.48951253681071,0.9927248677248677,0.6961263736263736,0.004673517377225133,0.024996357808857807,6.03576922416687
artreeformer_adapted,empirical,,NODE_0000165,16,0.013320798749999996,0,20,0.6931471700599453,87.03397010645634,0.95,0.6366483516483517,0.0038643542167308424,0.3812175525497894,0.0
artreeformer_adapted,sim_neutral,neutral,NODE_0000165,16,0.013320798749999996,0,20,0.6931471605599453,62.992040369972216,0.9740740740740741,0.6416758241758241,0.0016847279189842615,0.02471590909090909,0.0
phylovae_adapted,empirical,,NODE_0000165,16,0.013320798749999996,0,20,0.6931471700599453,83.9029582620215,0.9458333333333333,0.6610714285714285,0.0042693666870261444,0.38047136343188975,0.0
phylovae_adapted,sim_neutral,neutral,NODE_0000165,16,0.013320798749999996,0,20,0.6931471605599453,62.6753764739192,0.9703703703703703,0.6479395604395605,0.002351907523904645,0.02442817599067599,0.0
phylaflow_adapted,empirical,,NODE_0000165,16,0.013320798749999996,0,20,0.6931471700599454,99.06385861629508,0.9756521739130435,0.6364285714285715,0.004079943160819866,0.3806494090704617,0.0
phylaflow_adapted,sim_neutral,neutral,NODE_0000165,16,0.013320798749999996,0,20,0.6931471610599452,78.48951253681071,0.964021164021164,0.6471153846153846,0.0016069385789776564,0.023823572261072262,0.0
neutral_bd,empirical,,NODE_0000192,16,0.11635447250000001,0,20,0.6931471700599456,94.45347858578464,0.9538461538461539,0.6378021978021978,0.014208986184826427,0.31197916666666664,1.311485767364502
neutral_bd,sim_neutral,neutral,NODE_0000192,16,0.11635447250000001,0,20,0.6931471605599453,40.76890976698999,0.9428571428571428,0.6072527472527472,0.007142009454125896,0.18735977564102563,1.311485767364502
empirical_bd,empirical,,NODE_0000192,16,0.11635447250000001,0,20,0.6931471700599456,103.19503089526353,0.9769230769230769,0.6609615384615385,0.014208986184826427,0.30647035256410254,1.041928768157959
empirical_bd,sim_neutral,neutral,NODE_0000192,16,0.11635447250000001,0,20,0.6931471605599453,40.76890976698999,0.8964285714285715,0.5527747252747253,0.007142009454125896,0.18862179487179487,1.041928768157959
plm_prior,empirical,,NODE_0000192,16,0.11635447250000001,0,20,0.6931471700599456,96.80434881454971,0.9615384615384616,0.6658791208791208,0.014208986184826427,0.31528445512820513,1.5882222652435303
plm_prior,sim_neutral,neutral,NODE_0000192,16,0.11635447250000001,0,20,0.6931471605599453,40.76890976698999,0.925,0.6072802197802197,0.007142009454125896,0.1947315705128205,1.5882222652435303
treesbm,empirical,,NODE_0000192,16,0.11635447250000001,0,17,0.6931471715599455,104.75901371033736,0.9819004524886877,0.6964447317388494,0.02385065190307744,0.2852328431372549,204.04711270332336
treesbm,sim_neutral,neutral,NODE_0000192,16,0.11635447250000001,0,17,0.6931471620599453,59.009617822113306,0.9915966386554622,0.6671622495151907,0.011537683198444311,0.1612697963800905,204.04711270332336
phylaflow,empirical,,NODE_0000192,16,0.11635447250000001,0,20,0.6931471700599451,108.06247004615983,0.9961538461538462,0.6886813186813187,0.04194951181125952,0.3053485576923077,1.1776320934295654
phylaflow,sim_neutral,neutral,NODE_0000192,16,0.11635447250000001,0,20,0.6931471610599452,78.42927978644661,0.9855820105820106,0.6648076923076923,0.043228223757321146,0.1908253205128205,1.1776320934295654
artreeformer_adapted,empirical,,NODE_0000192,16,0.11635447250000001,0,20,0.6931471700599451,96.81418106819103,0.976,0.6293131868131868,0.012558562309369992,0.3073918269230769,0.0
artreeformer_adapted,sim_neutral,neutral,NODE_0000192,16,0.11635447250000001,0,20,0.6931471605599453,62.93180761960808,0.9851851851851852,0.6240384615384615,0.014287472771858812,0.1970753205128205,0.0
phylovae_adapted,empirical,,NODE_0000192,16,0.11635447250000001,0,20,0.6931471700599456,96.7418319246169,0.976,0.6395604395604395,0.01723667829904302,0.3019831730769231,0.0
phylovae_adapted,sim_neutral,neutral,NODE_0000192,16,0.11635447250000001,0,20,0.6931471605599453,62.615143723555036,0.9444444444444444,0.6123901098901099,0.020683814281800595,0.18984375,0.0
phylaflow_adapted,empirical,,NODE_0000192,16,0.11635447250000001,0,20,0.6931471700599456,95.01558441709281,0.9535384615384616,0.6152747252747253,0.011487847589753086,0.3025040064102564,0.0
phylaflow_adapted,sim_neutral,neutral,NODE_0000192,16,0.11635447250000001,0,20,0.6931471610599452,78.42927978644661,0.9427248677248677,0.5714285714285714,0.014575431967209613,0.18862179487179487,0.0
neutral_bd,empirical,,NODE_0000001,16,0.004092874375,0,20,0.6931471700599451,89.67950456749921,0.9833333333333333,0.677032967032967,0.0004093939207213895,0.00947686263096624,6.0652172565460205
neutral_bd,sim_neutral,neutral,NODE_0000001,16,0.004092874375,0,20,0.6931471605599453,41.119092015992315,0.9571428571428572,0.6347252747252747,0.0002458676979900451,0.007759749708963911,6.0652172565460205
empirical_bd,empirical,,NODE_0000001,16,0.004092874375,0,20,0.6931471700599451,87.29938442332711,0.975,0.6940934065934066,0.0004093939207213895,0.008909342258440046,6.038727521896362
empirical_bd,sim_neutral,neutral,NODE_0000001,16,0.004092874375,0,20,0.6931471605599453,41.119092015992315,0.9392857142857143,0.6328846153846154,0.0002458676979900451,0.007221332945285215,6.038727521896362
plm_prior,empirical,,NODE_0000001,16,0.004092874375,0,20,0.6931471700599451,88.42195733724796,0.9791666666666666,0.6905769230769231,0.0004093939207213895,0.009429569266589057,1.549922227859497
plm_prior,sim_neutral,neutral,NODE_0000001,16,0.004092874375,0,20,0.6931471605599453,41.119092015992315,0.9428571428571428,0.6096703296703296,0.0002458676979900451,0.0077488358556461,1.549922227859497
phylaflow,empirical,,NODE_0000001,16,0.004092874375,0,20,0.6931471700599451,88.86690389597672,0.9833333333333333,0.695989010989011,0.0013005691113825736,0.009425931315483119,5.907888650894165
phylaflow,sim_neutral,neutral,NODE_0000001,16,0.004092874375,0,20,0.6931471610599452,78.32188280190616,0.9671855921855922,0.6240109890109891,0.0014805327045637514,0.007825232828870779,5.907888650894165
artreeformer_adapted,empirical,,NODE_0000001,16,0.004092874375,0,20,0.6931471700599451,84.90624790955258,0.9782608695652174,0.6904395604395605,0.00072601825899501,0.009167636786961583,0.0
artreeformer_adapted,sim_neutral,neutral,NODE_0000001,16,0.004092874375,0,20,0.6931471605599453,62.82441063506758,0.9851851851851852,0.6484065934065935,0.0005097513231361031,0.007537834691501746,0.0
phylovae_adapted,empirical,,NODE_0000001,16,0.004092874375,0,20,0.6931471700599451,87.4151707399235,0.9826086956521739,0.6887087912087912,0.0009047344521415662,0.00948777648428405,0.0
phylovae_adapted,sim_neutral,neutral,NODE_0000001,16,0.004092874375,0,20,0.6931471605599453,62.50774673901455,0.9777777777777777,0.6383516483516484,0.000719100070964532,0.007854336437718277,0.0
phylaflow_adapted,empirical,,NODE_0000001,16,0.004092874375,0,20,0.6931471700599451,88.79407313442951,0.9833333333333333,0.7217307692307693,0.0007713795498574453,0.009280413271245635,0.0
phylaflow_adapted,sim_neutral,neutral,NODE_0000001,16,0.004092874375,0,20,0.6931471610599452,78.32188280190616,0.9641534391534392,0.6416758241758241,0.0005382868486068573,0.007599679860302677,0.0
neutral_bd,empirical,,NODE_0000151,16,0.009627008749999999,0,20,0.6931471700599453,105.53500281184125,0.9884615384615385,0.6617857142857143,0.00054362278077167,0.3418858341038808,6.0627171993255615
neutral_bd,sim_neutral,neutral,NODE_0000151,16,0.009627008749999999,0,20,0.6931471605599453,41.688514468789066,0.9428571428571428,0.6312637362637363,0.0006222535070914186,0.017764507620164127,6.0627171993255615
empirical_bd,empirical,,NODE_0000151,16,0.009627008749999999,0,20,0.693147170059945,101.76752582555075,0.9769230769230769,0.6698351648351648,0.00054362278077167,0.34208722992999024,5.885013103485107
empirical_bd,sim_neutral,neutral,NODE_0000151,16,0.009627008749999999,0,20,0.6931471605599453,41.688514468789066,0.9678571428571429,0.6497802197802198,0.0006222535070914186,0.018577813599062135,5.885013103485107
plm_prior,empirical,,NODE_0000151,16,0.009627008749999999,0,20,0.6931471700599452,103.22233609486769,0.9730769230769231,0.6500549450549451,0.00054362278077167,0.3414828274551569,2.3127388954162598
plm_prior,sim_neutral,neutral,NODE_0000151,16,0.009627008749999999,0,20,0.6931471605599453,41.688514468789066,0.9178571428571428,0.6216208791208792,0.0006222535070914186,0.017511723329425556,2.3127388954162598
phylaflow,empirical,,NODE_0000151,16,0.009627008749999999,0,20,0.6931471700599452,101.63474041621862,0.976448717948718,0.6888186813186813,0.003506776500009899,0.34091867662599273,6.02472996711731
phylaflow,sim_neutral,neutral,NODE_0000151,16,0.009627008749999999,0,20,0.6931471610599452,78.39185660733254,0.9818681318681319,0.6596153846153846,0.0034637914592801516,0.017808470105509965,6.02472996711731
artreeformer_adapted,empirical,,NODE_0000151,16,0.009627008749999999,0,20,0.6931471700599451,108.33181227277794,0.996,0.631043956043956,0.0009105365159981656,0.3408271784133877,0.0
artreeformer_adapted,sim_neutral,neutral,NODE_0000151,16,0.009627008749999999,0,20,0.6931471605599453,62.894384440493994,0.9481481481481482,0.6439010989010989,0.001122247420360415,0.018442262602579133,0.0
phylovae_adapted,empirical,,NODE_0000151,16,0.009627008749999999,0,20,0.6931471700599451,107.42249085320314,0.996,0.659478021978022,0.0014078624446177389,0.34058900958506017,0.0
phylovae_adapted,sim_neutral,neutral,NODE_0000151,16,0.009627008749999999,0,20,0.6931471605599453,62.57772054444095,0.9777777777777777,0.6252472527472528,0.0016212013950291895,0.018614449003516997,0.0
phylaflow_adapted,empirical,,NODE_0000151,16,0.009627008749999999,0,20,0.6931471700599451,100.66729802682815,0.9727692307692308,0.6526648351648352,0.0009277746767728731,0.3407391717440241,0.0
phylaflow_adapted,sim_neutral,neutral,NODE_0000151,16,0.009627008749999999,0,20,0.6931471610599452,78.39185660733254,0.9784391534391534,0.6418956043956043,0.0012019454159912359,0.017980656506447833,0.0
neutral_bd,empirical,,NODE_0000103,16,0.012513880000000003,0,20,0.6931471700599451,89.39334939900746,0.975,0.7156593406593407,0.0021570508796139873,0.3329256008140354,6.0499536991119385
neutral_bd,sim_neutral,neutral,NODE_0000103,16,0.012513880000000003,0,20,0.6931471605599453,44.06219599104962,0.95,0.6061263736263736,0.0007454671579113565,0.022749125874125874,6.0499536991119385
empirical_bd,empirical,,NODE_0000103,16,0.012513880000000003,0,20,0.6931471700599451,90.7858399091721,0.9875,0.7126098901098901,0.0021570508796139873,0.33270695865848504,5.916778087615967
empirical_bd,sim_neutral,neutral,NODE_0000103,16,0.012513880000000003,0,20,0.6931471605599453,44.06219599104962,0.9785714285714285,0.6199450549450549,0.0007454671579113565,0.022902097902097903,5.916778087615967
plm_prior,empirical,,NODE_0000103,16,0.012513880000000003,0,20,0.6931471700599451,86.45325324109251,0.9625,0.7121703296703297,0.0021570508796139873,0.3332204945611857,2.5428826808929443
plm_prior,sim_neutral,neutral,NODE_0000103,16,0.012513880000000003,0,20,0.6931471605599453,44.06219599104962,0.9714285714285714,0.6138736263736264,0.0007454671579113565,0.023488490675990674,2.5428826808929443
phylaflow,empirical,,NODE_0000103,16,0.012513880000000003,0,20,0.6931471700599451,88.63834127335281,0.9786067193675889,0.7334615384615385,0.003088336306999372,0.3323466540189056,6.032715320587158
phylaflow,sim_neutral,neutral,NODE_0000103,16,0.012513880000000003,0,20,0.6931471610599452,78.58360777793169,0.9855820105820106,0.6551373626373627,0.004571737906504115,0.023674242424242424,6.032715320587158
artreeformer_adapted,empirical,,NODE_0000103,16,0.012513880000000003,0,20,0.6931471700599452,93.38656884252926,0.9956521739130435,0.6892307692307692,0.0031413214170553302,0.3322122339653774,0.0
artreeformer_adapted,sim_neutral,neutral,NODE_0000103,16,0.012513880000000003,0,20,0.6931471605599453,63.08613561109317,0.9703703703703703,0.6241483516483517,0.0014551927732882133,0.02419871794871795,0.0
phylovae_adapted,empirical,,NODE_0000103,16,0.012513880000000003,0,20,0.6931471700599451,95.51722162597015,1.0,0.7116758241758242,0.003527734644668404,0.33114187699648684,0.0
phylovae_adapted,sim_neutral,neutral,NODE_0000103,16,0.012513880000000003,0,20,0.6931471605599453,62.769471715040126,0.9814814814814815,0.6272252747252747,0.00207631577721083,0.023015005827505826,0.0
phylaflow_adapted,empirical,,NODE_0000103,16,0.012513880000000003,0,20,0.6931471700599451,85.83303236884488,0.9706521739130435,0.6982417582417583,0.003345388304915473,0.3323545220833711,0.0
phylaflow_adapted,sim_neutral,neutral,NODE_0000103,16,0.012513880000000003,0,20,0.6931471610599452,78.58360777793169,0.9748677248677249,0.634423076923077,0.0014957409992658764,0.023867278554778555,0.0
neutral_bd,empirical,,NODE_0000062,16,0.013558356249999997,0,20,0.6931471700599451,117.17629139219986,0.9785714285714285,0.6498626373626374,0.001235561407645215,0.2074421965317919,1.2958059310913086
neutral_bd,sim_neutral,neutral,NODE_0000062,16,0.013558356249999997,0,20,0.6931471605599453,45.60554415923328,0.9571428571428572,0.6089285714285715,0.0007569902899676898,0.025198699421965315,1.2958059310913086
empirical_bd,empirical,,NODE_0000062,16,0.013558356249999997,0,20,0.6931471700599451,116.92975233745935,0.9678571428571429,0.6356318681318681,0.001235561407645215,0.20809248554913296,1.2648305892944336
empirical_bd,sim_neutral,neutral,NODE_0000062,16,0.013558356249999997,0,20,0.6931471605599453,45.60554415923328,0.9571428571428572,0.6132692307692308,0.0007569902899676898,0.026390895953757224,1.2648305892944336
plm_prior,empirical,,NODE_0000062,16,0.013558356249999997,0,20,0.6931471700599451,117.08165848844217,0.9678571428571429,0.6254395604395604,0.001235561407645215,0.20830924855491328,0.6328613758087158
plm_prior,sim_neutral,neutral,NODE_0000062,16,0.013558356249999997,0,20,0.6931471605599453,45.60554415923328,0.95,0.5997527472527473,0.0007569902899676898,0.026896676300578033,0.6328613758087158
treesbm,empirical,,NODE_0000062,16,0.013558356249999997,0,19,0.693147170559946,110.31804929019142,0.9548872180451128,0.6524002313475997,0.0017333525809523833,0.20531639793124432,213.53750586509705
treesbm,sim_neutral,neutral,NODE_0000062,16,0.013558356249999997,0,19,0.6931471610599459,58.33209520192446,0.9699248120300752,0.6648351648351648,0.001527644945312079,0.022208700943109217,213.53750586509705
phylaflow,empirical,,NODE_0000062,16,0.013558356249999997,0,20,0.6931471700599451,109.69404016245365,0.9636141636141636,0.6530494505494505,0.004490246483151296,0.20767702312138728,1.168341875076294
phylaflow,sim_neutral,neutral,NODE_0000062,16,0.013558356249999997,0,20,0.6931471610599452,78.53953372710785,0.9928571428571429,0.6721703296703296,0.004912036649630583,0.02592124277456647,1.168341875076294
artreeformer_adapted,empirical,,NODE_0000062,16,0.013558356249999997,0,20,0.6931471700599451,115.01817287046578,0.9777777777777777,0.6518956043956043,0.0024040975503350297,0.20614161849710982,0.0
artreeformer_adapted,sim_neutral,neutral,NODE_0000062,16,0.013558356249999997,0,20,0.6931471605599453,63.0420615602693,0.962962962962963,0.6181318681318682,0.001605118010264375,0.0266257225433526,0.0
phylovae_adapted,empirical,,NODE_0000062,16,0.013558356249999997,0,20,0.6931471700599451,109.06061349527857,0.9666666666666667,0.6283516483516484,0.003053634448924027,0.20850794797687863,0.0
phylovae_adapted,sim_neutral,neutral,NODE_0000062,16,0.013558356249999997,0,20,0.6931471605599453,62.725397664216274,0.9814814814814815,0.6322527472527473,0.0022122117476262755,0.028377890173410403,0.0
phylaflow_adapted,empirical,,NODE_0000062,16,0.013558356249999997,0,20,0.693147170059945,114.12908343605756,0.975,0.6578296703296703,0.002525144414716102,0.20682803468208094,0.0
phylaflow_adapted,sim_neutral,neutral,NODE_0000062,16,0.013558356249999997,0,20,0.6931471610599452,78.53953372710785,0.9748677248677249,0.5930769230769231,0.0016407440087913999,0.024747109826589595,0.0
neutral_bd,empirical,,NODE_0000317,16,5.2199999999999995e-05,0,20,0.6931471700599454,136.2796988531867,1.0,0.6939560439560439,3.986077770385614e-06,7.301401869158878e-05,6.037425994873047
neutral_bd,sim_neutral,neutral,NODE_0000317,16,5.2199999999999995e-05,0,20,0.6931471605599453,43.92041568421169,0.7785714285714286,0.35010989010989013,3.512000887440505e-06,0.00010221962616822429,6.037425994873047
empirical_bd,empirical,,NODE_0000317,16,5.2199999999999995e-05,0,20,0.6931471700599454,136.2796988531867,1.0,0.6939560439560439,3.986077770385614e-06,6.206191588785047e-05,5.870909214019775
empirical_bd,sim_neutral,neutral,NODE_0000317,16,5.2199999999999995e-05,0,20,0.6931471605599453,43.92041568421169,0.7785714285714286,0.35010989010989013,3.512000887440505e-06,9.126752336448598e-05,5.870909214019775
plm_prior,empirical,,NODE_0000317,16,5.2199999999999995e-05,0,20,0.6931471700599454,136.2796988531867,1.0,0.6939560439560439,3.986077770385614e-06,6.57126168224299e-05,0.05012011528015137
plm_prior,sim_neutral,neutral,NODE_0000317,16,5.2199999999999995e-05,0,20,0.6931471605599453,43.92041568421169,0.7785714285714286,0.35010989010989013,3.512000887440505e-06,9.49182242990654e-05,0.05012011528015137
phylaflow,empirical,,NODE_0000317,16,5.2199999999999995e-05,0,20,0.6931471705599452,139.9575177911604,1.0,0.6987362637362637,2.1186128305930205e-05,4.0157710280373825e-05,6.1966001987457275
phylaflow,sim_neutral,neutral,NODE_0000317,16,5.2199999999999995e-05,0,20,0.6931471610599452,78.38366064394654,0.8151811151811151,0.40662087912087913,1.9173151794154158e-05,6.936331775700934e-05,6.1966001987457275
artreeformer_adapted,empirical,,NODE_0000317,16,5.2199999999999995e-05,0,20,0.6931471700599453,136.91508724817606,1.0,0.7094505494505494,6.104332023431105e-06,4.380841121495327e-05,0.0
artreeformer_adapted,sim_neutral,neutral,NODE_0000317,16,5.2199999999999995e-05,0,20,0.6931471605599453,62.88618847710798,0.8222222222222222,0.43214285714285716,6.9364431867508955e-06,7.301401869158878e-05,0.0
phylovae_adapted,empirical,,NODE_0000317,16,5.2199999999999995e-05,0,20,0.6931471700599454,134.8078714590634,1.0,0.6874450549450549,9.01793453661875e-06,2.9205607476635512e-05,0.0
phylovae_adapted,sim_neutral,neutral,NODE_0000317,16,5.2199999999999995e-05,0,20,0.6931471605599453,62.56952458105494,0.8851851851851852,0.49799450549450547,9.442244555430342e-06,5.8411214953271024e-05,0.0
phylaflow_adapted,empirical,,NODE_0000317,16,5.2199999999999995e-05,0,20,0.6931471705599452,139.9575177911604,1.0,0.6987362637362637,5.8642936076845035e-06,7.301401869158878e-05,0.0
phylaflow_adapted,sim_neutral,neutral,NODE_0000317,16,5.2199999999999995e-05,0,20,0.6931471610599452,78.38366064394654,0.8187525437525438,0.4075824175824176,7.023902562846056e-06,0.00010221962616822429,0.0
neutral_bd,empirical,,NODE_0000193,16,0.00041825000000000016,0,20,0.6931471700599453,136.2796988531867,1.0,0.6882692307692307,6.426300422357016e-05,0.0015186915887850465,6.078378200531006
neutral_bd,sim_neutral,neutral,NODE_0000193,16,0.00041825000000000016,0,20,0.6931471605599453,44.55841335135925,0.8142857142857143,0.43717032967032965,2.730470841652801e-05,0.0006534754672897195,6.078378200531006
empirical_bd,empirical,,NODE_0000193,16,0.00041825000000000016,0,20,0.6931471700599453,136.2796988531867,1.0,0.6882692307692307,6.426300422357016e-05,0.0015844042056074763,5.883349657058716
empirical_bd,sim_neutral,neutral,NODE_0000193,16,0.00041825000000000016,0,20,0.6931471605599453,44.55841335135925,0.8392857142857143,0.44920329670329673,2.730470841652801e-05,0.0007191880841121495,5.883349657058716
plm_prior,empirical,,NODE_0000193,16,0.00041825000000000016,0,20,0.6931471700599453,136.2796988531867,1.0,0.6882692307692307,6.426300422357016e-05,0.0015040887850467288,0.25482630729675293
plm_prior,sim_neutral,neutral,NODE_0000193,16,0.00041825000000000016,0,20,0.6931471605599453,44.55841335135925,0.825,0.4467857142857143,2.730470841652801e-05,0.0006388726635514017,0.25482630729675293
phylaflow,empirical,,NODE_0000193,16,0.00041825000000000016,0,20,0.6931471705599452,139.95751779116043,1.0,0.6808791208791208,0.00018441514880225288,0.0016720210280373828,6.042020797729492
phylaflow,sim_neutral,neutral,NODE_0000193,16,0.00041825000000000016,0,20,0.6931471610599452,78.4387876142772,0.9277676027676027,0.5134615384615384,0.0001530884288637584,0.0008104556074766354,6.042020797729492
artreeformer_adapted,empirical,,NODE_0000193,16,0.00041825000000000016,0,20,0.6931471700599452,136.91508724817606,1.0,0.6856868131868132,5.0489606218595475e-05,0.0017486857476635511,0.0
artreeformer_adapted,sim_neutral,neutral,NODE_0000193,16,0.00041825000000000016,0,20,0.6931471605599453,62.94131544743858,0.9,0.5061263736263736,4.9047712360763917e-05,0.0008834696261682242,0.0
phylovae_adapted,empirical,,NODE_0000193,16,0.00041825000000000016,0,20,0.6931471700599451,132.49224489096807,0.9962962962962963,0.6843681318681318,6.896813137093363e-05,0.0015259929906542053,0.0
phylovae_adapted,sim_neutral,neutral,NODE_0000193,16,0.00041825000000000016,0,20,0.6931471605599453,62.62465155138554,0.9,0.5439835164835165,7.211241583466204e-05,0.0006607768691588784,0.0
phylaflow_adapted,empirical,,NODE_0000193,16,0.00041825000000000016,0,20,0.6931471705599452,139.95751779116043,1.0,0.6808791208791208,4.122462939742322e-05,0.0016172605140186912,0.0
phylaflow_adapted,sim_neutral,neutral,NODE_0000193,16,0.00041825000000000016,0,20,0.6931471610599452,78.4387876142772,0.9063390313390314,0.49887362637362637,4.896101268982618e-05,0.0007520443925233644,0.0
neutral_bd,empirical,,NODE_0000234,16,0.0026121493750000005,0,20,0.6931471700599451,92.08385762069875,0.972,0.6512087912087913,0.00027075029511225695,0.19535786478902514,5.949913740158081
neutral_bd,sim_neutral,neutral,NODE_0000234,16,0.0026121493750000005,0,20,0.6931471605599453,45.488324007194834,0.9464285714285714,0.6256043956043956,0.00013984676849126634,0.0052058823529411765,5.949913740158081
empirical_bd,empirical,,NODE_0000234,16,0.0026121493750000005,0,20,0.6931471700599451,89.03871764794128,0.948,0.6413736263736264,0.00027075029511225695,0.1954204297443359,5.829586029052734
empirical_bd,sim_neutral,neutral,NODE_0000234,16,0.0026121493750000005,0,20,0.6931471605599453,45.488324007194834,0.9464285714285714,0.6067857142857143,0.00013984676849126634,0.005363970588235294,5.829586029052734
plm_prior,empirical,,NODE_0000234,16,0.0026121493750000005,0,20,0.6931471700599451,91.61443873970859,0.964,0.6348076923076923,0.00027075029511225695,0.19562619950807178,1.2083721160888672
plm_prior,sim_neutral,neutral,NODE_0000234,16,0.0026121493750000005,0,20,0.6931471605599453,45.488324007194834,0.9535714285714285,0.6371428571428571,0.00013984676849126634,0.0055735294117647055,1.2083721160888672
phylaflow,empirical,,NODE_0000234,16,0.0026121493750000005,0,20,0.6931471700599451,101.05927483640735,0.996,0.7033516483516483,0.0007513313359365968,0.1953358535993903,5.97317910194397
phylaflow,sim_neutral,neutral,NODE_0000234,16,0.0026121493750000005,0,20,0.6931471610599452,78.15209984311724,0.9855820105820106,0.6577197802197802,0.0009773653534416006,0.005511029411764705,5.97317910194397
artreeformer_adapted,empirical,,NODE_0000234,16,0.0026121493750000005,0,20,0.6931471700599451,86.2476731584236,0.9583333333333334,0.6277472527472527,0.0004671144671340027,0.19532495409824707,0.0
artreeformer_adapted,sim_neutral,neutral,NODE_0000234,16,0.0026121493750000005,0,20,0.6931471605599453,62.654627676278636,0.9666666666666667,0.6298351648351649,0.00030127197639462404,0.005470588235294118,0.0
phylovae_adapted,empirical,,NODE_0000234,16,0.0026121493750000005,0,20,0.6931471700599451,83.8613057690364,0.9541666666666666,0.628021978021978,0.0005724910629641501,0.19490207770387308,0.0
phylovae_adapted,sim_neutral,neutral,NODE_0000234,16,0.0026121493750000005,0,20,0.6931471605599453,62.3379637802256,0.9777777777777777,0.6590659340659341,0.0004410355405865446,0.005404411764705882,0.0
phylaflow_adapted,empirical,,NODE_0000234,16,0.0026121493750000005,0,20,0.6931471700599451,87.42228041458502,0.9518333333333333,0.615934065934066,0.0005009810290112491,0.19572940050578536,0.0
phylaflow_adapted,sim_neutral,neutral,NODE_0000234,16,0.0026121493750000005,0,20,0.6931471610599452,78.15209984311724,0.9712962962962963,0.6318956043956044,0.00030902538936126333,0.005970588235294117,0.0
neutral_bd,empirical,,NODE_0000142,16,0.10182698812500002,0,20,0.6931471700599451,108.569722926985,0.9607142857142857,0.5978296703296703,0.012374281395901516,0.2471737132352941,1.0541996955871582
neutral_bd,sim_neutral,neutral,NODE_0000142,16,0.10182698812500002,0,20,0.6931471605599453,43.4926835501807,0.9107142857142857,0.6082967032967033,0.0075119394109401365,0.16403952205882352,1.0541996955871582
empirical_bd,empirical,,NODE_0000142,16,0.10182698812500002,0,20,0.6931471700599451,110.5549633479185,0.9535714285714286,0.6148901098901098,0.012374281395901516,0.2513786764705882,1.0503709316253662
empirical_bd,sim_neutral,neutral,NODE_0000142,16,0.10182698812500002,0,20,0.6931471605599453,43.4926835501807,0.9321428571428572,0.5917307692307693,0.0075119394109401365,0.17364430147058824,1.0503709316253662
plm_prior,empirical,,NODE_0000142,16,0.10182698812500002,0,20,0.6931471700599451,105.32799491112738,0.9392857142857143,0.5856593406593407,0.012374281395901516,0.2530560661764706,1.4697685241699219
plm_prior,sim_neutral,neutral,NODE_0000142,16,0.10182698812500002,0,20,0.6931471605599453,43.4926835501807,0.9464285714285714,0.6260164835164835,0.0075119394109401365,0.1738970588235294,1.4697685241699219
treesbm,empirical,,NODE_0000142,16,0.10182698812500002,0,15,0.6931471725599454,116.27076686821891,0.9761904761904762,0.6571062271062271,0.02091976503001793,0.23385416666666667,177.98850989341736
treesbm,sim_neutral,neutral,NODE_0000142,16,0.10182698812500002,0,15,0.6931471630599454,60.09426318871431,0.9857142857142858,0.6900000000000001,0.012307624554234705,0.15444240196078432,177.98850989341736
phylaflow,empirical,,NODE_0000142,16,0.10182698812500002,0,20,0.6931471700599451,117.00099361462617,0.9892857142857143,0.6510989010989011,0.032949785458169484,0.24276194852941177,0.9235036373138428
phylaflow,sim_neutral,neutral,NODE_0000142,16,0.10182698812500002,0,20,0.6931471610599452,78.31237497407561,0.9892857142857143,0.669532967032967,0.0352131827343838,0.1684512867647059,0.9235036373138428
artreeformer_adapted,empirical,,NODE_0000142,16,0.10182698812500002,0,20,0.6931471700599451,106.39199537020824,0.9592592592592593,0.5540659340659341,0.01271058828375357,0.23848805147058824,0.0
artreeformer_adapted,sim_neutral,neutral,NODE_0000142,16,0.10182698812500002,0,20,0.6931471605599453,62.81490280723705,0.9518518518518518,0.6127197802197802,0.013409797398423476,0.16987591911764705,0.0
phylovae_adapted,empirical,,NODE_0000142,16,0.10182698812500002,0,20,0.6931471700599451,110.2064604686462,0.9777777777777777,0.5992307692307692,0.016505761059557943,0.24032628676470588,0.0
phylovae_adapted,sim_neutral,neutral,NODE_0000142,16,0.10182698812500002,0,20,0.6931471605599453,62.498238911184025,0.9592592592592593,0.6109065934065934,0.018642015845474758,0.1681985294117647,0.0
phylaflow_adapted,empirical,,NODE_0000142,16,0.10182698812500002,0,20,0.6931471700599451,112.39226418236032,0.9711640211640211,0.5784615384615385,0.01230503022447597,0.2452205882352941,0.0
phylaflow_adapted,sim_neutral,neutral,NODE_0000142,16,0.10182698812500002,0,20,0.6931471610599452,78.31237497407561,0.9605820105820105,0.6266483516483516,0.014102161065429495,0.17300091911764706,0.0
neutral_bd,empirical,,NODE_0000058,16,0.10094248312500002,0,20,0.6931471700599451,100.9713231657155,0.9518518518518518,0.6082692307692308,0.011917911041149885,0.6978280141843971,1.1036014556884766
neutral_bd,sim_neutral,neutral,NODE_0000058,16,0.10094248312500002,0,20,0.6931471605599453,41.863580128901056,0.9464285714285714,0.570989010989011,0.006216929269602848,0.16633421985815602,1.1036014556884766
empirical_bd,empirical,,NODE_0000058,16,0.10094248312500002,0,20,0.6931471700599451,103.38284047682086,0.9592592592592593,0.5878846153846153,0.011917911041149885,0.6956781914893617,1.0657527446746826
empirical_bd,sim_neutral,neutral,NODE_0000058,16,0.10094248312500002,0,20,0.6931471605599453,41.863580128901056,0.9035714285714286,0.5872802197802198,0.006216929269602848,0.16999113475177305,1.0657527446746826
plm_prior,empirical,,NODE_0000058,16,0.10094248312500002,0,20,0.693147170059945,98.45665556189735,0.9333333333333333,0.6083516483516483,0.011917911041149885,0.6973182624113475,1.4645202159881592
plm_prior,sim_neutral,neutral,NODE_0000058,16,0.10094248312500002,0,20,0.6931471605599453,41.863580128901056,0.9464285714285714,0.5905494505494505,0.006216929269602848,0.17322695035460992,1.4645202159881592
treesbm,empirical,,NODE_0000058,16,0.10094248312500002,0,12,0.6931471740599457,112.1723592203988,0.9691358024691358,0.6706043956043957,0.019786319652694437,0.6853945035460993,179.5396227836609
treesbm,sim_neutral,neutral,NODE_0000058,16,0.10094248312500002,0,12,0.6931471645599455,61.615088286199395,0.9702380952380952,0.6667582417582417,0.010145533909776279,0.1474955673758865,179.5396227836609
phylaflow,empirical,,NODE_0000058,16,0.10094248312500002,0,20,0.6931471700599451,113.06836129453994,0.9925925925925926,0.6564285714285715,0.039925822016874654,0.6885859929078014,0.957484245300293
phylaflow,sim_neutral,neutral,NODE_0000058,16,0.10094248312500002,0,20,0.6931471610599452,78.78454395431038,0.9748677248677249,0.6742857142857143,0.03711850598911115,0.1672650709219858,0.957484245300293
artreeformer_adapted,empirical,,NODE_0000058,16,0.10094248312500002,0,20,0.6931471700599451,103.48339573890112,0.9730769230769231,0.625576923076923,0.009764715603638419,0.6914007092198582,0.0
artreeformer_adapted,sim_neutral,neutral,NODE_0000058,16,0.10094248312500002,0,20,0.6931471605599453,63.287071787471774,0.9518518518518518,0.6325824175824176,0.012829884411234817,0.17007978723404255,0.0
phylovae_adapted,empirical,,NODE_0000058,16,0.10094248312500002,0,20,0.6931471700599451,102.85529858977338,0.9692307692307692,0.6,0.014344922890771343,0.6900487588652482,0.0
phylovae_adapted,sim_neutral,neutral,NODE_0000058,16,0.10094248312500002,0,20,0.6931471605599453,62.97040789141874,0.9592592592592593,0.6068131868131869,0.01795642731833913,0.17136524822695035,0.0
phylaflow_adapted,empirical,,NODE_0000058,16,0.10094248312500002,0,20,0.6931471700599451,94.07493182721637,0.9434245014245014,0.5823901098901099,0.007983359866522384,0.6899379432624113,0.0
phylaflow_adapted,sim_neutral,neutral,NODE_0000058,16,0.10094248312500002,0,20,0.6931471610599452,78.78454395431038,0.982010582010582,0.6264010989010989,0.013461825753129751,0.16575797872340425,0.0
neutral_bd,empirical,,NODE_0000198,16,0.009135326249999999,0,20,0.6931471700599451,115.10344567187502,0.975,0.6592307692307692,0.0005307574757742303,0.15223105134474327,2.9985740184783936
neutral_bd,sim_neutral,neutral,NODE_0000198,16,0.009135326249999999,0,20,0.6931471605599453,43.07756580231748,0.975,0.6506318681318681,0.0006015020661175413,0.01646546454767726,2.9985740184783936
empirical_bd,empirical,,NODE_0000198,16,0.009135326249999999,0,20,0.6931471700599451,115.51707695427166,0.9821428571428571,0.6435164835164835,0.0005307574757742303,0.1531020782396088,2.8705456256866455
empirical_bd,sim_neutral,neutral,NODE_0000198,16,0.009135326249999999,0,20,0.6931471605599453,43.07756580231748,0.9535714285714285,0.619532967032967,0.0006015020661175413,0.0175809902200489,2.8705456256866455
plm_prior,empirical,,NODE_0000198,16,0.009135326249999999,0,20,0.6931471700599451,108.50875840014882,0.9607142857142857,0.6440384615384616,0.0005307574757742303,0.15259779951100244,0.9836633205413818
plm_prior,sim_neutral,neutral,NODE_0000198,16,0.009135326249999999,0,20,0.6931471605599453,43.07756580231748,0.9642857142857143,0.6461813186813187,0.0006015020661175413,0.01646546454767726,0.9836633205413818
treesbm,empirical,,NODE_0000198,16,0.009135326249999999,0,18,0.6931471710599456,117.63812703392357,0.9801587301587301,0.6794566544566545,0.001264183256260734,0.15067237163814182,484.79513001441956
treesbm,sim_neutral,neutral,NODE_0000198,16,0.009135326249999999,0,18,0.6931471615599456,58.35019315194151,0.9761904761904762,0.6813186813186813,0.0010286991190832505,0.014381282260255365,484.79513001441956
phylaflow,empirical,,NODE_0000198,16,0.009135326249999999,0,20,0.6931471700599451,119.5099164449971,0.9927248677248677,0.6630769230769231,0.003029192598505841,0.15187958435207824,2.938420057296753
phylaflow,sim_neutral,neutral,NODE_0000198,16,0.009135326249999999,0,20,0.6931471610599452,78.48322140656774,0.9964285714285714,0.6662362637362638,0.003270715905712856,0.016496026894865526,2.938420057296753
artreeformer_adapted,empirical,,NODE_0000198,16,0.009135326249999999,0,20,0.693147170059945,113.25279848747317,0.9666666666666667,0.6582967032967033,0.0010396182891181647,0.1529416259168704,0.0
artreeformer_adapted,sim_neutral,neutral,NODE_0000198,16,0.009135326249999999,0,20,0.6931471605599453,62.98574923972916,0.9888888888888889,0.6452197802197802,0.0011413286108626756,0.017871332518337408,0.0
phylovae_adapted,empirical,,NODE_0000198,16,0.009135326249999999,0,20,0.693147170059945,114.01378148170276,0.9740740740740741,0.6220054945054945,0.0014825522391034287,0.1508557457212714,0.0
phylovae_adapted,sim_neutral,neutral,NODE_0000198,16,0.009135326249999999,0,20,0.6931471605599453,62.66908534367613,0.9740740740740741,0.6385714285714286,0.001585511411606085,0.015747249388753055,0.0
phylaflow_adapted,empirical,,NODE_0000198,16,0.009135326249999999,0,20,0.693147170059945,116.59587326552601,0.9818783068783069,0.6565384615384615,0.001126791545513924,0.15210880195599022,0.0
phylaflow_adapted,sim_neutral,neutral,NODE_0000198,16,0.009135326249999999,0,20,0.6931471610599452,78.48322140656774,0.9816035816035816,0.6572802197802198,0.0011690612416760597,0.016809290953545233,0.0
neutral_bd,empirical,,NODE_0000112,16,0.11034387812499996,0,20,0.6931471700599453,100.405619852478,0.9321428571428572,0.5640384615384615,0.01378336808611759,0.4511837121212121,1.0447258949279785
neutral_bd,sim_neutral,neutral,NODE_0000112,16,0.11034387812499996,0,20,0.6931471605599453,42.2391886537793,0.9464285714285714,0.6158516483516484,0.0076841691276224216,0.1884943181818182,1.0447258949279785
empirical_bd,empirical,,NODE_0000112,16,0.11034387812499996,0,20,0.6931471700599451,104.63162805871887,0.9571428571428572,0.5768681318681319,0.01378336808611759,0.4469933712121212,0.8973684310913086
empirical_bd,sim_neutral,neutral,NODE_0000112,16,0.11034387812499996,0,20,0.6931471605599453,42.2391886537793,0.9392857142857143,0.5928021978021978,0.0076841691276224216,0.18603219696969697,0.8973684310913086
plm_prior,empirical,,NODE_0000112,16,0.11034387812499996,0,20,0.6931471700599451,102.8290662685912,0.9357142857142857,0.561565934065934,0.01378336808611759,0.45359848484848486,1.496377944946289
plm_prior,sim_neutral,neutral,NODE_0000112,16,0.11034387812499996,0,20,0.6931471605599453,42.2391886537793,0.9392857142857143,0.604010989010989,0.0076841691276224216,0.19190340909090908,1.496377944946289
treesbm,empirical,,NODE_0000112,16,0.11034387812499996,0,16,0.6931471720599456,118.44323660397744,0.9821428571428572,0.6716346153846153,0.023109513695764243,0.4317885890151515,174.86896347999573
treesbm,sim_neutral,neutral,NODE_0000112,16,0.11034387812499996,0,16,0.6931471625599455,58.62969997742698,0.9866071428571429,0.6513736263736264,0.011778225794330336,0.16764322916666669,174.86896347999573
phylaflow,empirical,,NODE_0000112,16,0.11034387812499996,0,20,0.6931471700599451,119.31838536919003,0.9892857142857143,0.6427747252747252,0.03527907779395817,0.43368844696969694,0.9020209312438965
phylaflow,sim_neutral,neutral,NODE_0000112,16,0.11034387812499996,0,20,0.6931471610599452,78.50126918855403,0.9857142857142858,0.6637912087912088,0.04113758779609606,0.1822443181818182,0.9020209312438965
artreeformer_adapted,empirical,,NODE_0000112,16,0.11034387812499996,0,20,0.6931471700599453,104.93789668526853,0.962962962962963,0.5413736263736264,0.013132934456600494,0.4285748106060606,0.0
artreeformer_adapted,sim_neutral,neutral,NODE_0000112,16,0.11034387812499996,0,20,0.6931471605599453,63.00379702171543,0.9555555555555556,0.6035164835164835,0.012812266185657907,0.18039772727272727,0.0
phylovae_adapted,empirical,,NODE_0000112,16,0.11034387812499996,0,20,0.6931471700599452,112.46557534606671,0.9740740740740741,0.5253296703296704,0.01700321401604236,0.42554450757575757,0.0
phylovae_adapted,sim_neutral,neutral,NODE_0000112,16,0.11034387812499996,0,20,0.6931471605599453,62.6871331256624,0.9259259259259259,0.5890659340659341,0.019402264630839498,0.17954545454545454,0.0
phylaflow_adapted,empirical,,NODE_0000112,16,0.11034387812499996,0,20,0.6931471700599453,107.36355012125738,0.964021164021164,0.5267032967032967,0.01276181925569393,0.43053977272727273,0.0
phylaflow_adapted,sim_neutral,neutral,NODE_0000112,16,0.11034387812499996,0,20,0.6931471610599452,78.50126918855403,0.9712962962962963,0.6117307692307692,0.014070288486941494,0.18302556818181817,0.0
neutral_bd,empirical,,NODE_0000139,16,0.013280449375,0,20,0.6931471700599451,93.55282636221634,0.95,0.6840384615384616,0.0017826742519923393,0.7229616394399067,6.0608229637146
neutral_bd,sim_neutral,neutral,NODE_0000139,16,0.013280449375,0,20,0.6931471605599453,43.25009684700933,0.9392857142857143,0.5984340659340659,0.0009314736395261429,0.025776691948658108,6.0608229637146
empirical_bd,empirical,,NODE_0000139,16,0.013280449375,0,20,0.6931471700599451,92.8322849377397,0.9423076923076923,0.6908791208791208,0.0017826742519923393,0.7229105892648775,5.8731467723846436
empirical_bd,sim_neutral,neutral,NODE_0000139,16,0.013280449375,0,20,0.6931471605599453,43.25009684700933,0.9714285714285714,0.6234615384615385,0.0009314736395261429,0.026629959159859978,5.8731467723846436
plm_prior,empirical,,NODE_0000139,16,0.013280449375,0,20,0.6931471700599451,88.13194124459619,0.9384615384615385,0.6867582417582417,0.0017826742519923393,0.7226334597432905,2.594386339187622
plm_prior,sim_neutral,neutral,NODE_0000139,16,0.013280449375,0,20,0.6931471605599453,43.25009684700933,0.9392857142857143,0.6057967032967033,0.0009314736395261429,0.026564323220536756,2.594386339187622
phylaflow,empirical,,NODE_0000139,16,0.013280449375,0,20,0.6931471700599451,101.44293915845412,0.9846153846153847,0.7166208791208791,0.0045043350928050275,0.7223052800466744,6.060656785964966
phylaflow,sim_neutral,neutral,NODE_0000139,16,0.013280449375,0,20,0.6931471610599452,78.2277875607852,0.9892857142857143,0.6792032967032967,0.004853465815067376,0.02668830221703617,6.060656785964966
artreeformer_adapted,empirical,,NODE_0000139,16,0.013280449375,0,20,0.6931471700599451,98.49840013995889,0.964,0.691098901098901,0.0029724697146370845,0.722465723453909,0.0
artreeformer_adapted,sim_neutral,neutral,NODE_0000139,16,0.013280449375,0,20,0.6931471605599453,62.730315393946604,0.9777777777777777,0.6381868131868131,0.0015726837633484143,0.026739352392065343,0.0
phylovae_adapted,empirical,,NODE_0000139,16,0.013280449375,0,20,0.6931471700599451,97.321860358118,0.98,0.7025824175824176,0.003584568155208922,0.7221047257876313,0.0
phylovae_adapted,sim_neutral,neutral,NODE_0000139,16,0.013280449375,0,20,0.6931471605599453,62.413651497893575,0.9666666666666667,0.6349450549450549,0.002131155054793851,0.026859684947491247,0.0
phylaflow_adapted,empirical,,NODE_0000139,16,0.013280449375,0,20,0.6931471700599451,98.16400191045162,0.9729230769230769,0.6862637362637363,0.0030980351432125584,0.7226042882147025,0.0
phylaflow_adapted,sim_neutral,neutral,NODE_0000139,16,0.013280449375,0,20,0.6931471610599452,78.2277875607852,0.9711640211640211,0.6198076923076923,0.0016097946467380946,0.02731549008168028,0.0
