gid,split,date_min,date_max,n_leaves,voc_id,prospective,exact_recall,acquired_recall,bundle_frac,root_n_sig,root_bundle
1,test,2020-02-28,2020-09-04,296,Gamma,True,0.4167,0.2500,0.0000,2,
1,test,2020-02-28,2020-09-04,296,Zeta,True,1.0000,0.3333,0.0270,2,
1,test,2020-02-28,2020-09-04,296,Alpha,True,0.1429,0.0000,0.0000,1,
1,test,2020-02-28,2020-09-04,296,Beta,True,0.2857,0.1429,0.0000,1,
1,test,2020-02-28,2020-09-04,296,Delta,True,0.1667,0.0000,0.0000,1,
1,test,2020-02-28,2020-09-04,296,Omicron_BA1,True,0.0714,0.0357,0.0000,1,
1,test,2020-02-28,2020-09-04,296,Lambda,True,0.5000,0.3333,0.0000,1,
1,test,2020-02-28,2020-09-04,296,Mu,True,0.2222,0.1111,0.0000,1,
2,test,2020-09-07,2021-03-25,298,Gamma,True,1.0000,0.5833,0.0906,5,N501Y
2,test,2020-09-07,2021-03-25,298,Zeta,True,1.0000,0.3333,0.2919,2,
2,test,2020-09-07,2021-03-25,298,Alpha,True,0.2857,0.0000,0.0000,2,N501Y
2,test,2020-09-07,2021-03-25,298,Beta,True,0.4286,0.1429,0.0000,2,N501Y
2,test,2020-09-07,2021-03-25,298,Delta,True,0.6667,0.5000,0.0000,1,
2,test,2020-09-07,2021-03-25,298,Omicron_BA1,True,0.1786,0.0714,0.0000,3,N501Y
2,test,2020-09-07,2021-03-25,298,Lambda,True,0.3333,0.1667,0.0000,1,
2,test,2020-09-07,2021-03-25,298,Mu,True,0.6667,0.4444,0.0940,2,N501Y
3,test,2021-03-25,2021-05-10,300,Gamma,True,1.0000,0.5833,0.7133,5,N501Y
3,test,2021-03-25,2021-05-10,300,Zeta,True,1.0000,0.3333,0.7233,2,
3,test,2021-03-25,2021-05-10,300,Alpha,True,0.7143,0.4286,0.0067,2,N501Y
3,test,2021-03-25,2021-05-10,300,Beta,True,0.7143,0.4286,0.0000,2,N501Y
3,test,2021-03-25,2021-05-10,300,Delta,True,0.5000,0.3333,0.0000,1,
3,test,2021-03-25,2021-05-10,300,Omicron_BA1,True,0.2143,0.1071,0.0000,3,N501Y
3,test,2021-03-25,2021-05-10,300,Lambda,True,0.5000,0.3333,0.0000,1,
3,test,2021-03-25,2021-05-10,300,Mu,True,0.6667,0.4444,0.7167,2,N501Y
4,test,2021-05-10,2021-06-02,300,Gamma,True,1.0000,0.0833,0.9233,11,K417T;N501Y
4,test,2021-05-10,2021-06-02,300,Zeta,True,1.0000,0.3333,0.9267,2,
4,test,2021-05-10,2021-06-02,300,Alpha,True,0.7143,0.4286,0.0400,2,N501Y
4,test,2021-05-10,2021-06-02,300,Beta,True,0.7143,0.4286,0.0000,2,N501Y
4,test,2021-05-10,2021-06-02,300,Delta,True,0.3333,0.1667,0.0000,1,
4,test,2021-05-10,2021-06-02,300,Omicron_BA1,True,0.2500,0.1429,0.0000,3,N501Y
4,test,2021-05-10,2021-06-02,300,Lambda,True,0.5000,0.3333,0.0000,1,
4,test,2021-05-10,2021-06-02,300,Mu,True,0.5556,0.3333,0.9267,2,N501Y
5,test,2021-06-02,2021-06-08,298,Gamma,True,1.0000,0.1667,0.9698,2,
5,test,2021-06-02,2021-06-08,298,Zeta,True,1.0000,0.0000,0.9698,0,
5,test,2021-06-02,2021-06-08,298,Alpha,True,0.5714,0.0000,0.0436,0,
5,test,2021-06-02,2021-06-08,298,Beta,True,0.5714,0.1429,0.0000,0,
5,test,2021-06-02,2021-06-08,298,Delta,True,0.6667,0.1667,0.0000,0,
5,test,2021-06-02,2021-06-08,298,Omicron_BA1,True,0.2143,0.0000,0.0000,0,
5,test,2021-06-02,2021-06-08,298,Lambda,True,0.3333,0.1667,0.0000,0,
5,test,2021-06-02,2021-06-08,298,Mu,True,0.4444,0.0000,0.9698,0,
6,test,2021-06-08,2021-06-15,300,Gamma,True,1.0000,0.5000,0.9433,6,N501Y
6,test,2021-06-08,2021-06-15,300,Zeta,True,1.0000,0.3333,0.9500,2,
6,test,2021-06-08,2021-06-15,300,Alpha,True,0.5714,0.2857,0.0433,2,N501Y
6,test,2021-06-08,2021-06-15,300,Beta,True,0.4286,0.1429,0.0000,2,N501Y
6,test,2021-06-08,2021-06-15,300,Delta,True,0.8333,0.6667,0.0000,1,
6,test,2021-06-08,2021-06-15,300,Omicron_BA1,True,0.2857,0.1786,0.0000,3,N501Y
6,test,2021-06-08,2021-06-15,300,Lambda,True,0.5000,0.3333,0.0000,1,
6,test,2021-06-08,2021-06-15,300,Mu,True,0.5556,0.3333,0.9467,2,N501Y
7,test,2021-06-15,2021-07-05,300,Gamma,True,1.0000,0.6667,0.7833,4,K417T
7,test,2021-06-15,2021-07-05,300,Zeta,True,1.0000,0.3333,0.7833,2,
7,test,2021-06-15,2021-07-05,300,Alpha,True,0.5714,0.4286,0.0800,1,
7,test,2021-06-15,2021-07-05,300,Beta,True,0.4286,0.2857,0.0000,1,
7,test,2021-06-15,2021-07-05,300,Delta,True,1.0000,0.8333,0.0100,1,
7,test,2021-06-15,2021-07-05,300,Omicron_BA1,True,0.2857,0.2143,0.0000,2,
7,test,2021-06-15,2021-07-05,300,Lambda,True,0.1667,0.0000,0.0000,1,
7,test,2021-06-15,2021-07-05,300,Mu,True,0.6667,0.5556,0.7833,1,
8,test,2021-07-05,2021-07-09,258,Gamma,True,1.0000,0.1667,0.9109,10,K417T;N501Y
8,test,2021-07-05,2021-07-09,258,Zeta,True,1.0000,0.3333,0.9147,2,
8,test,2021-07-05,2021-07-09,258,Alpha,True,0.5714,0.2857,0.1473,2,N501Y
8,test,2021-07-05,2021-07-09,258,Beta,True,0.5714,0.2857,0.0000,2,N501Y
8,test,2021-07-05,2021-07-09,258,Delta,True,0.6667,0.5000,0.0000,1,
8,test,2021-07-05,2021-07-09,258,Omicron_BA1,True,0.2857,0.1786,0.0000,3,N501Y
8,test,2021-07-05,2021-07-09,258,Lambda,True,0.1667,0.0000,0.0000,1,
8,test,2021-07-05,2021-07-09,258,Mu,True,0.5556,0.3333,0.9109,2,N501Y
9,test,2021-07-09,2021-07-14,266,Gamma,True,1.0000,0.0833,0.9511,3,
9,test,2021-07-09,2021-07-14,266,Zeta,True,1.0000,0.0000,0.9511,0,
9,test,2021-07-09,2021-07-14,266,Alpha,True,0.5714,0.0000,0.1090,0,
9,test,2021-07-09,2021-07-14,266,Beta,True,0.4286,0.0000,0.0000,0,
9,test,2021-07-09,2021-07-14,266,Delta,True,0.6667,0.1667,0.0000,0,
9,test,2021-07-09,2021-07-14,266,Omicron_BA1,True,0.2857,0.0357,0.0000,0,
9,test,2021-07-09,2021-07-14,266,Lambda,True,0.1667,0.0000,0.0000,0,
9,test,2021-07-09,2021-07-14,266,Mu,True,0.5556,0.1111,0.9511,0,
10,test,2021-07-14,2021-07-23,298,Gamma,True,1.0000,0.5833,0.7886,5,K417T;N501Y
10,test,2021-07-14,2021-07-23,298,Zeta,True,1.0000,0.6667,0.7886,1,
10,test,2021-07-14,2021-07-23,298,Alpha,True,0.5714,0.2857,0.1510,2,N501Y
10,test,2021-07-14,2021-07-23,298,Beta,True,0.4286,0.1429,0.0000,2,N501Y
10,test,2021-07-14,2021-07-23,298,Delta,True,1.0000,0.8333,0.0034,1,
10,test,2021-07-14,2021-07-23,298,Omicron_BA1,True,0.3571,0.2500,0.0000,3,N501Y
10,test,2021-07-14,2021-07-23,298,Lambda,True,0.1667,0.0000,0.0000,1,
10,test,2021-07-14,2021-07-23,298,Mu,True,0.7778,0.5556,0.7886,2,N501Y
11,test,2021-07-23,2021-08-04,299,Gamma,True,1.0000,0.6667,0.4916,4,N501Y
11,test,2021-07-23,2021-08-04,299,Zeta,True,1.0000,0.6667,0.4950,1,
11,test,2021-07-23,2021-08-04,299,Alpha,True,0.7143,0.4286,0.1304,2,N501Y
11,test,2021-07-23,2021-08-04,299,Beta,True,0.7143,0.4286,0.0000,2,N501Y
11,test,2021-07-23,2021-08-04,299,Delta,True,1.0000,0.8333,0.0334,1,
11,test,2021-07-23,2021-08-04,299,Omicron_BA1,True,0.3929,0.2857,0.0000,3,N501Y
11,test,2021-07-23,2021-08-04,299,Lambda,True,0.5000,0.3333,0.0000,1,
11,test,2021-07-23,2021-08-04,299,Mu,True,0.7778,0.5556,0.4950,2,N501Y
12,test,2021-08-04,2021-08-06,298,Gamma,True,1.0000,0.1667,0.4564,2,
12,test,2021-08-04,2021-08-06,298,Zeta,True,1.0000,0.0000,0.4664,0,
12,test,2021-08-04,2021-08-06,298,Alpha,True,0.4286,0.0000,0.0906,0,
12,test,2021-08-04,2021-08-06,298,Beta,True,0.4286,0.0000,0.0000,0,
12,test,2021-08-04,2021-08-06,298,Delta,True,1.0000,0.1667,0.0067,0,
12,test,2021-08-04,2021-08-06,298,Omicron_BA1,True,0.3214,0.0714,0.0000,0,
12,test,2021-08-04,2021-08-06,298,Lambda,True,0.1667,0.0000,0.0000,0,
12,test,2021-08-04,2021-08-06,298,Mu,True,0.6667,0.1111,0.4564,0,
13,test,2021-08-06,2021-08-10,300,Gamma,False,1.0000,0.0833,0.5367,11,K417T;E484K;N501Y
13,test,2021-08-06,2021-08-10,300,Zeta,False,1.0000,0.0000,0.5367,3,E484K
13,test,2021-08-06,2021-08-10,300,Alpha,True,0.5714,0.2857,0.1300,2,N501Y
13,test,2021-08-06,2021-08-10,300,Beta,True,0.4286,0.0000,0.0000,3,E484K;N501Y
13,test,2021-08-06,2021-08-10,300,Delta,True,0.6667,0.5000,0.0000,1,
13,test,2021-08-06,2021-08-10,300,Omicron_BA1,True,0.3571,0.2500,0.0000,3,N501Y
13,test,2021-08-06,2021-08-10,300,Lambda,True,0.1667,0.0000,0.0000,1,
13,test,2021-08-06,2021-08-10,300,Mu,False,0.5556,0.2222,0.5367,3,E484K;N501Y
14,test,2021-08-10,2021-08-12,298,Gamma,True,1.0000,0.4167,0.3624,7,
14,test,2021-08-10,2021-08-12,298,Zeta,True,1.0000,0.6667,0.3624,1,
14,test,2021-08-10,2021-08-12,298,Alpha,True,0.4286,0.2857,0.0872,1,
14,test,2021-08-10,2021-08-12,298,Beta,True,0.4286,0.2857,0.0000,1,
14,test,2021-08-10,2021-08-12,298,Delta,True,1.0000,0.8333,0.0034,1,
14,test,2021-08-10,2021-08-12,298,Omicron_BA1,True,0.2857,0.2143,0.0000,2,
14,test,2021-08-10,2021-08-12,298,Lambda,True,0.3333,0.1667,0.0000,1,
14,test,2021-08-10,2021-08-12,298,Mu,True,0.6667,0.5556,0.3624,1,
15,test,2021-08-12,2021-08-22,300,Gamma,True,1.0000,0.9167,0.3000,1,
15,test,2021-08-12,2021-08-22,300,Zeta,True,1.0000,0.6667,0.3000,1,
15,test,2021-08-12,2021-08-22,300,Alpha,True,0.7143,0.5714,0.0867,1,
15,test,2021-08-12,2021-08-22,300,Beta,True,0.5714,0.4286,0.0000,1,
15,test,2021-08-12,2021-08-22,300,Delta,True,1.0000,0.5000,0.0100,3,L452R
15,test,2021-08-12,2021-08-22,300,Omicron_BA1,True,0.3571,0.3214,0.0000,1,
15,test,2021-08-12,2021-08-22,300,Lambda,True,0.3333,0.1667,0.0000,1,
15,test,2021-08-12,2021-08-22,300,Mu,True,0.6667,0.5556,0.3000,1,
16,test,2021-08-23,2021-09-01,299,Gamma,True,1.0000,0.8333,0.4515,2,
16,test,2021-08-23,2021-09-01,299,Zeta,True,1.0000,1.0000,0.4515,0,
16,test,2021-08-23,2021-09-01,299,Alpha,True,0.5714,0.4286,0.1237,1,
16,test,2021-08-23,2021-09-01,299,Beta,True,0.4286,0.4286,0.0000,0,
16,test,2021-08-23,2021-09-01,299,Delta,True,0.6667,0.5000,0.0000,1,
16,test,2021-08-23,2021-09-01,299,Omicron_BA1,True,0.2857,0.2857,0.0000,0,
16,test,2021-08-23,2021-09-01,299,Lambda,True,0.3333,0.3333,0.0000,0,
16,test,2021-08-23,2021-09-01,299,Mu,True,0.5556,0.5556,0.4515,0,
17,test,2021-09-01,2021-09-04,297,Gamma,True,1.0000,0.7500,0.0842,3,N501Y
17,test,2021-09-01,2021-09-04,297,Zeta,True,1.0000,0.6667,0.0875,1,
17,test,2021-09-01,2021-09-04,297,Alpha,False,0.5714,0.1429,0.0370,3,N501Y;P681H
17,test,2021-09-01,2021-09-04,297,Beta,True,0.4286,0.1429,0.0000,2,N501Y
17,test,2021-09-01,2021-09-04,297,Delta,True,0.6667,0.5000,0.0000,1,
17,test,2021-09-01,2021-09-04,297,Omicron_BA1,True,0.4286,0.2857,0.0000,4,N501Y
17,test,2021-09-01,2021-09-04,297,Lambda,True,0.5000,0.3333,0.0000,1,
17,test,2021-09-01,2021-09-04,297,Mu,True,0.5556,0.2222,0.0875,3,N501Y
18,test,2021-09-04,2021-09-08,298,Gamma,True,1.0000,1.0000,0.1007,0,
18,test,2021-09-04,2021-09-08,298,Zeta,True,1.0000,1.0000,0.1007,0,
18,test,2021-09-04,2021-09-08,298,Alpha,True,0.5714,0.5714,0.0235,0,
18,test,2021-09-04,2021-09-08,298,Beta,True,0.4286,0.4286,0.0000,0,
18,test,2021-09-04,2021-09-08,298,Delta,True,0.8333,0.3333,0.0000,3,L452R
18,test,2021-09-04,2021-09-08,298,Omicron_BA1,True,0.2500,0.2143,0.0000,1,S375F
18,test,2021-09-04,2021-09-08,298,Lambda,True,0.3333,0.3333,0.0000,0,
18,test,2021-09-04,2021-09-08,298,Mu,True,0.7778,0.7778,0.1007,0,
19,test,2021-09-08,2021-09-11,300,Gamma,True,1.0000,1.0000,0.0933,0,
19,test,2021-09-08,2021-09-11,300,Zeta,True,1.0000,1.0000,0.0933,0,
19,test,2021-09-08,2021-09-11,300,Alpha,True,0.7143,0.7143,0.0233,0,
19,test,2021-09-08,2021-09-11,300,Beta,True,0.7143,0.7143,0.0000,0,
19,test,2021-09-08,2021-09-11,300,Delta,True,0.6667,0.1667,0.0000,3,L452R
19,test,2021-09-08,2021-09-11,300,Omicron_BA1,True,0.3571,0.3214,0.0000,1,S375F
19,test,2021-09-08,2021-09-11,300,Lambda,True,0.3333,0.3333,0.0000,0,
19,test,2021-09-08,2021-09-11,300,Mu,True,0.5556,0.5556,0.0933,0,
20,test,2021-09-11,2021-09-14,292,Gamma,True,1.0000,1.0000,0.0822,0,
20,test,2021-09-11,2021-09-14,292,Zeta,True,1.0000,1.0000,0.0822,0,
20,test,2021-09-11,2021-09-14,292,Alpha,True,0.5714,0.5714,0.0377,0,
20,test,2021-09-11,2021-09-14,292,Beta,True,0.4286,0.4286,0.0000,0,
20,test,2021-09-11,2021-09-14,292,Delta,True,1.0000,0.5000,0.0034,3,L452R
20,test,2021-09-11,2021-09-14,292,Omicron_BA1,True,0.2857,0.2500,0.0000,1,S375F
20,test,2021-09-11,2021-09-14,292,Lambda,True,0.1667,0.1667,0.0000,0,
20,test,2021-09-11,2021-09-14,292,Mu,True,0.7778,0.7778,0.0822,0,
21,test,2021-09-14,2021-10-01,253,Gamma,True,1.0000,0.9167,0.0040,1,
21,test,2021-09-14,2021-10-01,253,Zeta,True,1.0000,0.6667,0.0040,1,
21,test,2021-09-14,2021-10-01,253,Alpha,True,0.4286,0.2857,0.0040,1,
21,test,2021-09-14,2021-10-01,253,Beta,True,0.4286,0.2857,0.0000,1,
21,test,2021-09-14,2021-10-01,253,Delta,True,0.6667,0.3333,0.0000,2,
21,test,2021-09-14,2021-10-01,253,Omicron_BA1,True,0.2500,0.2143,0.0000,1,
21,test,2021-09-14,2021-10-01,253,Lambda,True,0.1667,0.0000,0.0000,1,
21,test,2021-09-14,2021-10-01,253,Mu,True,0.5556,0.4444,0.0040,1,
22,test,2021-10-01,2021-10-05,297,Gamma,True,0.2500,0.2500,0.0000,0,
22,test,2021-10-01,2021-10-05,297,Zeta,True,0.0000,0.0000,0.0000,0,
22,test,2021-10-01,2021-10-05,297,Alpha,True,0.4286,0.4286,0.0000,0,
22,test,2021-10-01,2021-10-05,297,Beta,True,0.2857,0.2857,0.0000,0,
22,test,2021-10-01,2021-10-05,297,Delta,True,0.6667,0.1667,0.0000,3,L452R
22,test,2021-10-01,2021-10-05,297,Omicron_BA1,True,0.1786,0.1429,0.0000,1,S375F
22,test,2021-10-01,2021-10-05,297,Lambda,True,0.1667,0.1667,0.0000,0,
22,test,2021-10-01,2021-10-05,297,Mu,True,0.3333,0.3333,0.0000,0,
23,test,2021-10-05,2021-10-08,293,Gamma,True,0.2500,0.2500,0.0000,0,
23,test,2021-10-05,2021-10-08,293,Zeta,True,0.0000,0.0000,0.0000,0,
23,test,2021-10-05,2021-10-08,293,Alpha,True,0.4286,0.4286,0.0000,0,
23,test,2021-10-05,2021-10-08,293,Beta,True,0.2857,0.2857,0.0000,0,
23,test,2021-10-05,2021-10-08,293,Delta,True,0.5000,0.0000,0.0000,3,L452R
23,test,2021-10-05,2021-10-08,293,Omicron_BA1,True,0.1786,0.1071,0.0000,2,S375F
23,test,2021-10-05,2021-10-08,293,Lambda,True,0.1667,0.1667,0.0000,0,
23,test,2021-10-05,2021-10-08,293,Mu,True,0.2222,0.1111,0.0000,1,
24,test,2021-10-08,2021-10-13,297,Gamma,False,1.0000,0.5000,0.0101,6,K417T;E484K;N501Y
24,test,2021-10-08,2021-10-13,297,Zeta,False,1.0000,0.3333,0.0101,2,E484K
24,test,2021-10-08,2021-10-13,297,Alpha,False,0.7143,0.2857,0.0101,3,N501Y;P681H
24,test,2021-10-08,2021-10-13,297,Beta,True,0.5714,0.1429,0.0000,3,E484K;N501Y
24,test,2021-10-08,2021-10-13,297,Delta,True,0.6667,0.5000,0.0000,1,
24,test,2021-10-08,2021-10-13,297,Omicron_BA1,True,0.2857,0.1786,0.0000,3,N501Y
24,test,2021-10-08,2021-10-13,297,Lambda,True,0.3333,0.1667,0.0000,1,
24,test,2021-10-08,2021-10-13,297,Mu,False,0.5556,0.1111,0.0101,4,E484K;N501Y
25,test,2021-10-13,2021-10-25,295,Gamma,True,1.0000,0.3333,0.0237,0,
25,test,2021-10-13,2021-10-25,295,Zeta,True,1.0000,0.0000,0.0237,0,
25,test,2021-10-13,2021-10-25,295,Alpha,True,0.4286,0.0000,0.0203,0,
25,test,2021-10-13,2021-10-25,295,Beta,True,0.4286,0.0000,0.0000,0,
25,test,2021-10-13,2021-10-25,295,Delta,True,1.0000,0.1667,0.0034,0,
25,test,2021-10-13,2021-10-25,295,Omicron_BA1,True,0.2857,0.0714,0.0000,0,
25,test,2021-10-13,2021-10-25,295,Lambda,True,0.1667,0.0000,0.0000,0,
25,test,2021-10-13,2021-10-25,295,Mu,True,0.6667,0.1111,0.0237,0,
26,test,2021-10-25,2021-11-03,300,Gamma,True,1.0000,0.1667,0.0333,3,
26,test,2021-10-25,2021-11-03,300,Zeta,True,1.0000,0.0000,0.0333,0,
26,test,2021-10-25,2021-11-03,300,Alpha,True,0.4286,0.0000,0.0333,0,
26,test,2021-10-25,2021-11-03,300,Beta,True,0.4286,0.0000,0.0000,0,
26,test,2021-10-25,2021-11-03,300,Delta,True,1.0000,0.1667,0.0033,0,
26,test,2021-10-25,2021-11-03,300,Omicron_BA1,True,0.2500,0.0357,0.0000,0,
26,test,2021-10-25,2021-11-03,300,Lambda,True,0.3333,0.1667,0.0000,0,
26,test,2021-10-25,2021-11-03,300,Mu,True,0.6667,0.1111,0.0333,0,
27,test,2021-11-03,2021-11-07,298,Gamma,True,0.2500,0.2500,0.0000,0,
27,test,2021-11-03,2021-11-07,298,Zeta,True,0.3333,0.3333,0.0000,0,
27,test,2021-11-03,2021-11-07,298,Alpha,True,0.1429,0.1429,0.0000,0,
27,test,2021-11-03,2021-11-07,298,Beta,True,0.1429,0.1429,0.0000,0,
27,test,2021-11-03,2021-11-07,298,Delta,True,1.0000,0.5000,0.0034,3,L452R
27,test,2021-11-03,2021-11-07,298,Omicron_BA1,True,0.1786,0.1429,0.0000,1,S375F
27,test,2021-11-03,2021-11-07,298,Lambda,True,0.3333,0.3333,0.0000,0,
27,test,2021-11-03,2021-11-07,298,Mu,True,0.3333,0.3333,0.0000,0,
28,test,2021-11-07,2021-11-09,295,Gamma,True,0.1667,0.1667,0.0000,0,
28,test,2021-11-07,2021-11-09,295,Zeta,True,0.0000,0.0000,0.0000,0,
28,test,2021-11-07,2021-11-09,295,Alpha,True,0.0000,0.0000,0.0000,0,
28,test,2021-11-07,2021-11-09,295,Beta,True,0.1429,0.1429,0.0000,0,
28,test,2021-11-07,2021-11-09,295,Delta,True,0.6667,0.1667,0.0000,3,L452R
28,test,2021-11-07,2021-11-09,295,Omicron_BA1,True,0.1429,0.1071,0.0000,1,S375F
28,test,2021-11-07,2021-11-09,295,Lambda,True,0.1667,0.1667,0.0000,0,
28,test,2021-11-07,2021-11-09,295,Mu,True,0.2222,0.2222,0.0000,0,
29,test,2021-11-09,2021-11-13,299,Gamma,True,0.3333,0.3333,0.0000,0,
29,test,2021-11-09,2021-11-13,299,Zeta,True,0.3333,0.3333,0.0000,0,
29,test,2021-11-09,2021-11-13,299,Alpha,True,0.5714,0.5714,0.0000,0,
29,test,2021-11-09,2021-11-13,299,Beta,True,0.7143,0.7143,0.0000,0,
29,test,2021-11-09,2021-11-13,299,Delta,True,1.0000,0.5000,0.0067,3,L452R
29,test,2021-11-09,2021-11-13,299,Omicron_BA1,True,0.3214,0.2500,0.0000,2,S375F
29,test,2021-11-09,2021-11-13,299,Lambda,True,0.5000,0.5000,0.0000,0,
29,test,2021-11-09,2021-11-13,299,Mu,True,0.4444,0.3333,0.0000,1,
30,test,2021-11-13,2021-12-04,300,Gamma,True,1.0000,0.1667,0.0133,2,
30,test,2021-11-13,2021-12-04,300,Zeta,True,1.0000,0.0000,0.0133,0,
30,test,2021-11-13,2021-12-04,300,Alpha,True,0.4286,0.0000,0.0133,0,
30,test,2021-11-13,2021-12-04,300,Beta,True,0.4286,0.0000,0.0000,0,
30,test,2021-11-13,2021-12-04,300,Delta,True,0.8333,0.0000,0.0000,1,
30,test,2021-11-13,2021-12-04,300,Omicron_BA1,True,0.2143,0.0357,0.0000,0,
30,test,2021-11-13,2021-12-04,300,Lambda,True,0.1667,0.0000,0.0000,0,
30,test,2021-11-13,2021-12-04,300,Mu,True,0.7778,0.2222,0.0133,0,
31,test,2021-12-04,2021-12-13,293,Gamma,True,0.3333,0.2500,0.0000,1,N501Y
31,test,2021-12-04,2021-12-13,293,Zeta,True,0.3333,0.3333,0.0000,0,
31,test,2021-12-04,2021-12-13,293,Alpha,True,0.7143,0.4286,0.0000,2,N501Y
31,test,2021-12-04,2021-12-13,293,Beta,True,0.7143,0.5714,0.0000,1,N501Y
31,test,2021-12-04,2021-12-13,293,Delta,True,1.0000,0.8333,0.0068,1,
31,test,2021-12-04,2021-12-13,293,Omicron_BA1,True,0.3571,0.2857,0.0000,2,N501Y
31,test,2021-12-04,2021-12-13,293,Lambda,True,0.3333,0.3333,0.0000,0,
31,test,2021-12-04,2021-12-13,293,Mu,True,0.4444,0.3333,0.0000,1,N501Y
32,test,2021-12-13,2021-12-27,300,Gamma,True,1.0000,1.0000,0.0067,0,
32,test,2021-12-13,2021-12-27,300,Zeta,True,1.0000,1.0000,0.0067,0,
32,test,2021-12-13,2021-12-27,300,Alpha,True,0.7143,0.7143,0.0000,0,
32,test,2021-12-13,2021-12-27,300,Beta,True,0.7143,0.7143,0.0000,0,
32,test,2021-12-13,2021-12-27,300,Delta,True,0.8333,0.3333,0.0000,3,L452R
32,test,2021-12-13,2021-12-27,300,Omicron_BA1,True,0.2857,0.2500,0.0000,1,S375F
32,test,2021-12-13,2021-12-27,300,Lambda,True,0.3333,0.3333,0.0000,0,
32,test,2021-12-13,2021-12-27,300,Mu,True,0.6667,0.6667,0.0067,0,
33,test,2021-12-27,2022-01-06,300,Gamma,True,0.0833,0.0833,0.0000,0,
33,test,2021-12-27,2022-01-06,300,Zeta,True,0.0000,0.0000,0.0000,0,
33,test,2021-12-27,2022-01-06,300,Alpha,True,0.0000,0.0000,0.0000,0,
33,test,2021-12-27,2022-01-06,300,Beta,True,0.0000,0.0000,0.0000,0,
33,test,2021-12-27,2022-01-06,300,Delta,True,0.5000,0.1667,0.0000,0,
33,test,2021-12-27,2022-01-06,300,Omicron_BA1,True,0.1071,0.0714,0.0000,0,
33,test,2021-12-27,2022-01-06,300,Lambda,True,0.1667,0.0000,0.0000,0,
33,test,2021-12-27,2022-01-06,300,Mu,True,0.1111,0.1111,0.0000,0,
34,test,2022-01-06,2022-01-09,298,Gamma,True,0.2500,0.0000,0.0000,0,
34,test,2022-01-06,2022-01-09,298,Zeta,True,0.6667,0.0000,0.0000,0,
34,test,2022-01-06,2022-01-09,298,Alpha,True,0.1429,0.0000,0.0000,0,
34,test,2022-01-06,2022-01-09,298,Beta,True,0.2857,0.0000,0.0000,0,
34,test,2022-01-06,2022-01-09,298,Delta,True,0.8333,0.1667,0.0000,0,
34,test,2022-01-06,2022-01-09,298,Omicron_BA1,True,0.2500,0.0357,0.0000,0,
34,test,2022-01-06,2022-01-09,298,Lambda,True,0.3333,0.0000,0.0000,0,
34,test,2022-01-06,2022-01-09,298,Mu,True,0.3333,0.0000,0.0000,0,
35,test,2022-01-09,2022-01-13,292,Gamma,True,0.0000,0.0000,0.0000,0,
35,test,2022-01-09,2022-01-13,292,Zeta,True,0.0000,0.0000,0.0000,0,
35,test,2022-01-09,2022-01-13,292,Alpha,True,0.0000,0.0000,0.0000,0,
35,test,2022-01-09,2022-01-13,292,Beta,True,0.0000,0.0000,0.0000,0,
35,test,2022-01-09,2022-01-13,292,Delta,True,0.3333,0.3333,0.0000,0,
35,test,2022-01-09,2022-01-13,292,Omicron_BA1,True,0.0357,0.0000,0.0000,1,
35,test,2022-01-09,2022-01-13,292,Lambda,True,0.1667,0.0000,0.0000,1,F490S
35,test,2022-01-09,2022-01-13,292,Mu,True,0.1111,0.1111,0.0000,0,
36,test,2022-01-13,2022-01-18,291,Gamma,True,0.0000,0.0000,0.0000,0,
36,test,2022-01-13,2022-01-18,291,Zeta,True,0.0000,0.0000,0.0000,0,
36,test,2022-01-13,2022-01-18,291,Alpha,True,0.0000,0.0000,0.0000,0,
36,test,2022-01-13,2022-01-18,291,Beta,True,0.0000,0.0000,0.0000,0,
36,test,2022-01-13,2022-01-18,291,Delta,True,0.0000,0.0000,0.0000,0,
36,test,2022-01-13,2022-01-18,291,Omicron_BA1,True,0.0357,0.0000,0.0000,1,
36,test,2022-01-13,2022-01-18,291,Lambda,True,0.1667,0.0000,0.0000,1,F490S
36,test,2022-01-13,2022-01-18,291,Mu,True,0.0000,0.0000,0.0000,0,
37,test,2022-01-18,2022-01-21,299,Gamma,True,0.0833,0.0000,0.0000,0,
37,test,2022-01-18,2022-01-21,299,Zeta,True,0.0000,0.0000,0.0000,0,
37,test,2022-01-18,2022-01-21,299,Alpha,True,0.0000,0.0000,0.0000,0,
37,test,2022-01-18,2022-01-21,299,Beta,True,0.1429,0.0000,0.0000,0,
37,test,2022-01-18,2022-01-21,299,Delta,True,0.3333,0.0000,0.0000,0,
37,test,2022-01-18,2022-01-21,299,Omicron_BA1,True,0.1786,0.0714,0.0000,0,
37,test,2022-01-18,2022-01-21,299,Lambda,True,0.1667,0.0000,0.0000,0,
37,test,2022-01-18,2022-01-21,299,Mu,True,0.2222,0.1111,0.0000,0,
38,test,2022-01-21,2022-01-28,299,Gamma,True,0.0000,0.0000,0.0000,0,
38,test,2022-01-21,2022-01-28,299,Zeta,True,0.0000,0.0000,0.0000,0,
38,test,2022-01-21,2022-01-28,299,Alpha,True,0.0000,0.0000,0.0000,0,
38,test,2022-01-21,2022-01-28,299,Beta,True,0.0000,0.0000,0.0000,0,
38,test,2022-01-21,2022-01-28,299,Delta,True,0.5000,0.0000,0.0000,1,
38,test,2022-01-21,2022-01-28,299,Omicron_BA1,True,0.1071,0.0357,0.0000,1,
38,test,2022-01-21,2022-01-28,299,Lambda,True,0.1667,0.0000,0.0000,0,
38,test,2022-01-21,2022-01-28,299,Mu,True,0.1111,0.1111,0.0000,0,
39,test,2022-01-28,2023-01-01,300,Gamma,True,0.5833,0.2500,0.0000,0,
39,test,2022-01-28,2023-01-01,300,Zeta,True,0.6667,0.0000,0.0000,0,
39,test,2022-01-28,2023-01-01,300,Alpha,True,0.4286,0.0000,0.0067,0,
39,test,2022-01-28,2023-01-01,300,Beta,True,0.4286,0.0000,0.0000,0,
39,test,2022-01-28,2023-01-01,300,Delta,True,0.6667,0.0000,0.0000,0,
39,test,2022-01-28,2023-01-01,300,Omicron_BA1,True,0.5714,0.0714,0.0000,0,
39,test,2022-01-28,2023-01-01,300,Lambda,True,0.3333,0.0000,0.0000,0,
39,test,2022-01-28,2023-01-01,300,Mu,True,0.6667,0.2222,0.0000,0,
40,test,2023-01-01,2025-09-09,207,Gamma,True,0.3333,0.3333,0.0000,0,
40,test,2023-01-01,2025-09-09,207,Zeta,True,0.3333,0.3333,0.0000,0,
40,test,2023-01-01,2025-09-09,207,Alpha,True,0.7143,0.4286,0.0048,2,
40,test,2023-01-01,2025-09-09,207,Beta,True,0.8571,0.5714,0.0000,2,
40,test,2023-01-01,2025-09-09,207,Delta,True,1.0000,0.8333,0.0000,1,
40,test,2023-01-01,2025-09-09,207,Omicron_BA1,True,0.5714,0.5000,0.0000,2,N440K;S477N
40,test,2023-01-01,2025-09-09,207,Lambda,True,0.3333,0.1667,0.0000,1,F490S
40,test,2023-01-01,2025-09-09,207,Mu,True,0.7778,0.6667,0.0000,1,
