set,mutation,h3_pos_1based,orf_pos_1based,col_0based,domain,note,in_alignment,wt_aa,consensus_aa,msa_mut_freq,msa_mut_freq_rank,in_hotspot_mask
primary,H155T,155,171,170,HA1/A,SY97→FU02 cluster transition (with Q156H),True,T,T,0.05118595825426945,47,True
primary,Q156H,156,172,171,HA1/A,SY97→FU02 cluster transition (with H155T),True,H,H,0.056783681214421254,43,True
primary,F159S,159,175,174,HA1/B,3C.3a cluster vs TX/50 (159F); most freq. escape pos,True,F,F,0.24710626185958254,12,True
primary,F159Y,159,175,174,HA1/B,3C.2a cluster vs TX/50; epidemic 2014–15,True,F,F,0.24710626185958254,12,True
primary,H183L,183,199,198,HA1,CUHK5250 Q156H+H183L mapped near FU02 edge,True,H,H,0.008206831119544592,155,False
primary,K189E,189,205,204,HA1/B,"TX/50 escape toward HK/4801 (#21,#27); antigenic",True,K,K,0.1672675521821632,21,True
primary,N225D,225,241,240,RBS,TX/50 escape / clade 3C.2a receptor-binding,True,N,N,0.30877609108159393,9,True
primary,N145K,145,161,160,HA1/A,Koel antigenic site (Fig. 5 coloring),True,N,S,0.4286053130929791,5,True
primary,N158D,158,174,173,HA1/B,Koel / Fig. 5 + TX/50 #10,True,N,N,0.1685483870967742,19,True
primary,F193S,193,209,208,HA1/B,Koel antigenic + TX/50 escape combos,True,F,F,0.1432637571157495,27,True
secondary,Q75L,75,91,90,HA1,TX/50 #6,True,Q,Q,0.054174573055028465,45,True
secondary,V88I,88,104,103,HA1,TX/50 #15,True,V,V,0.011669829222011385,101,False
secondary,Y94F,94,110,109,HA1,TX/50 #8/#14,True,Y,Y,0.16043643263757115,25,True
secondary,S107T,107,123,122,HA1,TX/50 #14,True,S,S,0.006783681214421252,457,False
secondary,N122S,122,138,137,HA1,TX/50 #23,True,N,N,0.05142314990512334,46,True
secondary,W127L,127,143,142,HA1,TX/50 #13,True,W,W,0.006736242884250474,513,False
secondary,N128D,128,144,143,HA1,TX/50 #26,True,N,T,0.2700189753320683,11,True
secondary,N144I,144,160,159,HA1,TX/50 #6/#19,True,N,N,0.18396584440227703,14,True
secondary,L157F,157,173,172,HA1,TX/50 #18,True,L,L,0.08681214421252371,36,True
secondary,K160E,160,176,175,HA1,TX/50 #16,True,K,K,0.10308349146110057,33,True
secondary,E172G,172,188,187,HA1,TX/50 #2/#24,True,E,E,0.008776091081593928,144,False
secondary,F174Y,174,190,189,HA1,TX/50 #7,True,F,F,0.007020872865275142,295,False
secondary,I192T,192,208,207,HA1,TX/50 #6/#16,True,I,I,0.01603415559772296,76,True
secondary,Q197R,197,213,212,HA1,TX/50 #11,True,Q,Q,0.016555977229601518,70,True
secondary,T203A,203,219,218,HA1,TX/50 #3,True,T,T,0.008064516129032258,167,False
secondary,K207N,207,223,222,HA1,TX/50 #12,True,K,K,0.010436432637571158,112,False
secondary,I217T,217,233,232,HA1,TX/50 #5,True,I,I,0.012049335863377609,99,False
secondary,S219F,219,235,234,HA1,TX/50 #4,True,F,S,0.013045540796963948,94,False
secondary,R220G,220,236,235,HA1,TX/50 #9,True,R,R,0.009487666034155597,125,False
secondary,I242T,242,258,257,HA1,TX/50 #16/#22,True,I,I,0.010578747628083491,106,False
secondary,N246H,246,262,261,HA1,TX/50 #28/#29 (with F159S),True,N,N,0.008633776091081595,150,False
