col_0based,orf_pos_1based,h3_pos_1based,consensus_aa,wt_aa,msa_mut_freq,n_valid,n_non_consensus,is_hotspot
0,1,,M,M,0.00000000,21251,0,0
1,2,,K,K,0.01566985,21251,333,1
2,3,,T,T,0.01623453,21251,345,1
3,4,,I,I,0.01806974,21251,384,1
4,5,,I,I,0.01491695,21251,317,1
5,6,,A,A,0.01472872,21251,313,1
6,7,,L,L,0.00868080,21081,183,0
7,8,,S,S,0.00877567,21081,185,0
8,9,,Y,Y,0.01351928,21081,285,0
9,10,,I,I,0.00213462,21081,45,0
10,11,,L,L,0.00777952,21081,164,0
11,12,,C,C,0.01185902,21081,250,0
12,13,,L,L,0.00958209,21081,202,0
13,14,,V,V,0.01404108,21081,296,1
14,15,,F,F,0.01214364,21081,256,0
15,16,,A,A,0.01698212,21081,358,1
16,17,1,Q,Q,0.00744746,21081,157,0
17,18,2,K,K,0.02338599,21081,493,1
18,19,3,L,L,0.13457616,21081,2837,1
19,20,4,P,P,0.00721028,21081,152,0
20,21,5,G,G,0.03894502,21081,821,1
21,22,6,N,N,0.00901286,21081,190,0
22,23,7,D,D,0.00820644,21081,173,0
23,24,8,N,N,0.01461031,21081,308,1
24,25,9,S,S,0.01005645,21081,212,0
25,26,10,T,T,0.01361415,21081,287,0
26,27,11,A,A,0.00673592,21081,142,0
27,28,12,T,T,0.00891798,21081,188,0
28,29,13,L,L,0.00678336,21081,143,0
29,30,14,C,C,0.00678336,21081,143,0
30,31,15,L,L,0.00725772,21081,153,0
31,32,16,G,G,0.00687823,21081,145,0
32,33,17,H,H,0.00668849,21081,141,0
33,34,18,H,H,0.00706798,21081,149,0
34,35,19,A,A,0.00815901,21081,172,0
35,36,20,V,V,0.00697310,21081,147,0
36,37,21,P,P,0.00796926,21081,168,0
37,38,22,N,N,0.00692567,21081,146,0
38,39,23,G,G,0.00678336,21081,143,0
39,40,24,T,T,0.00697310,21081,147,0
40,41,25,I,I,0.05611954,21080,1183,1
41,42,26,V,V,0.00668880,21080,141,0
42,43,27,K,K,0.00896584,21080,189,0
43,44,28,T,T,0.00678368,21080,143,0
44,45,29,I,I,0.00687856,21080,145,0
45,46,30,T,T,0.00896584,21080,189,0
46,47,31,N,N,0.01797913,21080,379,1
47,48,32,D,D,0.00744782,21080,157,0
48,49,33,R,R,0.50028463,21080,10546,1
49,50,34,I,I,0.00052182,21080,11,0
50,51,35,E,E,0.00673624,21080,142,0
51,52,36,V,V,0.00673624,21080,142,0
52,53,37,T,T,0.00673624,21080,142,0
53,54,38,N,N,0.00678368,21080,143,0
54,55,39,A,A,0.00673624,21080,142,0
55,56,40,T,T,0.00673624,21080,142,0
56,57,41,E,E,0.00673624,21080,142,0
57,58,42,L,L,0.00683112,21080,144,0
58,59,43,V,V,0.00706831,21080,149,0
59,60,44,Q,Q,0.00678368,21080,143,0
60,61,45,N,N,0.44051233,21080,9286,1
61,62,46,S,S,0.00702087,21080,148,0
62,63,47,S,S,0.01124288,21080,237,0
63,64,48,I,I,0.47518975,21080,10017,1
64,65,49,G,G,0.01228653,21080,259,0
65,66,50,E,E,0.16489564,21080,3476,1
66,67,51,I,I,0.00716319,21080,151,0
67,68,52,C,C,0.00673624,21080,142,0
68,69,53,D,D,0.16726755,21080,3526,1
69,70,54,S,S,0.01138520,21080,240,0
70,71,55,P,P,0.00687856,21080,145,0
71,72,56,H,H,0.00806452,21080,170,0
72,73,57,Q,Q,0.01921252,21080,405,1
73,74,58,I,I,0.00925047,21080,195,0
74,75,59,L,L,0.01043643,21080,220,0
75,76,60,D,D,0.00673624,21080,142,0
76,77,61,G,G,0.00668880,21080,141,0
77,78,62,E,E,0.06043643,21080,1274,1
78,79,63,N,N,0.00754269,21080,159,0
79,80,64,C,C,0.00673624,21080,142,0
80,81,65,T,T,0.00697343,21080,147,0
81,82,66,L,L,0.00711575,21080,150,0
82,83,67,I,I,0.00820683,21080,173,0
83,84,68,D,D,0.00678368,21080,143,0
84,85,69,A,A,0.00687856,21080,145,0
85,86,70,L,L,0.00673624,21080,142,0
86,87,71,L,L,0.00009488,21080,2,0
87,88,72,G,G,0.00673624,21080,142,0
88,89,73,D,D,0.00023719,21080,5,0
89,90,74,P,P,0.00683112,21080,144,0
90,91,75,Q,Q,0.05417457,21080,1142,1
91,92,76,C,C,0.00668880,21080,141,0
92,93,77,D,D,0.00678368,21080,143,0
93,94,78,G,G,0.01551233,21080,327,1
94,95,79,F,F,0.00801708,21080,169,0
95,96,80,Q,Q,0.00047438,21080,10,0
96,97,81,N,N,0.00792220,21080,167,0
97,98,82,K,K,0.00716319,21080,151,0
98,99,83,K,K,0.06703036,21080,1413,1
99,100,84,W,W,0.00673624,21080,142,0
100,101,85,D,D,0.00711575,21080,150,0
101,102,86,L,L,0.00683112,21080,144,0
102,103,87,F,F,0.00787476,21080,166,0
103,104,88,V,V,0.01166983,21080,246,0
104,105,89,E,E,0.00673624,21080,142,0
105,106,90,R,R,0.00673624,21080,142,0
106,107,91,S,S,0.00877609,21080,185,0
107,108,92,K,K,0.03292220,21080,694,1
108,109,93,A,A,0.00740038,21080,156,0
109,110,94,Y,Y,0.16043643,21080,3382,1
110,111,95,S,S,0.00683112,21080,144,0
111,112,96,N,N,0.00891841,21080,188,0
112,113,97,C,C,0.00673624,21080,142,0
113,114,98,Y,Y,0.00683112,21080,144,0
114,115,99,P,P,0.00683112,21080,144,0
115,116,100,Y,Y,0.00683112,21080,144,0
116,117,101,D,D,0.00673624,21080,142,0
117,118,102,V,V,0.00673624,21080,142,0
118,119,103,P,P,0.00759013,21080,160,0
119,120,104,D,D,0.00815939,21080,172,0
120,121,105,Y,Y,0.01024668,21080,216,0
121,122,106,A,A,0.03315939,21080,699,1
122,123,107,S,S,0.00678368,21080,143,0
123,124,108,L,L,0.00687856,21080,145,0
124,125,109,R,R,0.00697343,21080,147,0
125,126,110,S,S,0.00673624,21080,142,0
126,127,111,L,L,0.00702087,21080,148,0
127,128,112,V,V,0.02172676,21080,458,1
128,129,113,A,A,0.00683112,21080,144,0
129,130,114,S,S,0.00811195,21080,171,0
130,131,115,S,S,0.00037951,21080,8,0
131,132,116,G,G,0.00673624,21080,142,0
132,133,117,T,T,0.00687856,21080,145,0
133,134,118,L,L,0.00725806,21080,153,0
134,135,119,E,E,0.00683112,21080,144,0
135,136,120,F,F,0.00673624,21080,142,0
136,137,121,N,N,0.01233397,21080,260,0
137,138,122,N,N,0.05142315,21080,1084,1
138,139,123,E,E,0.00673624,21080,142,0
139,140,124,S,S,0.01845351,21080,389,1
140,141,125,F,F,0.00018975,21080,4,0
141,142,126,N,N,0.02931689,21080,618,1
142,143,127,W,W,0.00673624,21080,142,0
143,144,128,T,N,0.27001898,21080,5692,1
144,145,129,G,G,0.00697343,21080,147,0
145,146,130,V,V,0.00687856,21080,145,0
146,147,131,T,T,0.05071157,21080,1069,1
147,148,132,Q,Q,0.00673624,21080,142,0
148,149,133,N,N,0.00977230,21080,206,0
149,150,134,G,G,0.00018975,21080,4,0
150,151,135,T,T,0.00849146,21080,179,0
151,152,136,S,S,0.00659393,21080,139,0
152,153,137,S,S,0.00716319,21080,151,0
153,154,138,A,A,0.07533207,21080,1588,1
154,155,139,C,C,0.00673624,21080,142,0
155,156,140,I,I,0.18221063,21080,3841,1
156,157,141,R,R,0.00702087,21080,148,0
157,158,142,R,R,0.28709677,21080,6052,1
158,159,143,S,S,0.00716319,21080,151,0
159,160,144,N,N,0.18396584,21080,3878,1
160,161,145,S,N,0.42860531,21080,9035,1
161,162,146,S,S,0.00697343,21080,147,0
162,163,147,F,F,0.00668880,21080,141,0
163,164,148,F,F,0.00668880,21080,141,0
164,165,149,S,S,0.00574004,21080,121,0
165,166,150,R,R,0.00768501,21080,162,0
166,167,151,L,L,0.00678368,21080,143,0
167,168,152,N,N,0.00678368,21080,143,0
168,169,153,W,W,0.00687856,21080,145,0
169,170,154,L,L,0.00668880,21080,141,0
170,171,155,T,T,0.05118596,21080,1079,1
171,172,156,H,H,0.05678368,21080,1197,1
172,173,157,L,L,0.08681214,21080,1830,1
173,174,158,N,N,0.16854839,21080,3553,1
174,175,159,F,F,0.24710626,21080,5209,1
175,176,160,K,K,0.10308349,21080,2173,1
176,177,161,Y,Y,0.00692600,21080,146,0
177,178,162,P,P,0.01698292,21080,358,1
178,179,163,A,A,0.00702087,21080,148,0
179,180,164,L,L,0.00702087,21080,148,0
180,181,165,N,N,0.00721063,21080,152,0
181,182,166,V,V,0.00687856,21080,145,0
182,183,167,T,T,0.00749526,21080,158,0
183,184,168,M,M,0.00773245,21080,163,0
184,185,169,P,P,0.00687856,21080,145,0
185,186,170,N,N,0.00014231,21080,3,0
186,187,171,N,N,0.01162239,21080,245,0
187,188,172,E,E,0.00877609,21080,185,0
188,189,173,Q,Q,0.16835863,21080,3549,1
189,190,174,F,F,0.00702087,21080,148,0
190,191,175,D,D,0.00683112,21080,144,0
191,192,176,K,K,0.00673624,21080,142,0
192,193,177,L,L,0.00687856,21080,145,0
193,194,178,Y,Y,0.00673624,21080,142,0
194,195,179,I,I,0.00725806,21080,153,0
195,196,180,W,W,0.00678368,21080,143,0
196,197,181,G,G,0.00673624,21080,142,0
197,198,182,V,V,0.00721063,21080,152,0
198,199,183,H,H,0.00820683,21080,173,0
199,200,184,H,H,0.00668880,21080,141,0
200,201,185,P,P,0.00678368,21080,143,0
201,202,186,G,V,0.03353890,21080,707,1
202,203,187,T,T,0.00687856,21080,145,0
203,204,188,D,D,0.02092030,21080,441,1
204,205,189,K,K,0.16726755,21080,3526,1
205,206,190,D,D,0.00801708,21080,169,0
206,207,191,Q,Q,0.00673624,21080,142,0
207,208,192,I,I,0.01603416,21080,338,1
208,209,193,F,F,0.14326376,21080,3020,1
209,210,194,L,L,0.01314042,21080,277,0
210,211,195,Y,Y,0.00711575,21080,150,0
211,212,196,A,A,0.00759013,21080,160,0
212,213,197,Q,Q,0.01655598,21080,349,1
213,214,198,S,P,0.39316888,21080,8288,1
214,215,199,S,S,0.08429791,21080,1777,1
215,216,200,G,G,0.00678368,21080,143,0
216,217,201,R,R,0.00868121,21080,183,0
217,218,202,I,I,0.04890892,21080,1031,1
218,219,203,T,T,0.00806452,21080,170,0
219,220,204,V,V,0.00744782,21080,157,0
220,221,205,S,S,0.00697343,21080,147,0
221,222,206,T,T,0.00673624,21080,142,0
222,223,207,K,K,0.01043643,21080,220,0
223,224,208,R,R,0.01347249,21080,284,0
224,225,209,S,S,0.00749526,21080,158,0
225,226,210,Q,Q,0.00678368,21080,143,0
226,227,211,Q,Q,0.00678368,21080,143,0
227,228,212,A,A,0.18372865,21080,3873,1
228,229,213,V,V,0.01005693,21080,212,0
229,230,214,I,I,0.01888046,21080,398,1
230,231,215,P,P,0.00678368,21080,143,0
231,232,216,N,N,0.00891841,21080,188,0
232,233,217,I,I,0.01204934,21080,254,0
233,234,218,G,G,0.00692600,21080,146,0
234,235,219,S,F,0.01304554,21080,275,0
235,236,220,R,R,0.00948767,21080,200,0
236,237,221,P,P,0.01475332,21080,311,1
237,238,222,R,R,0.04867173,21080,1026,1
238,239,223,I,I,0.35474383,21080,7478,1
239,240,224,R,R,0.00673624,21080,142,0
240,241,225,N,N,0.30877609,21080,6509,1
241,242,226,I,I,0.09606262,21080,2025,1
242,243,227,P,P,0.09444972,21080,1991,1
243,244,228,S,S,0.00673624,21080,142,0
244,245,229,R,R,0.00227704,21080,48,0
245,246,230,I,I,0.14136622,21080,2980,1
246,247,231,S,S,0.00654649,21080,138,0
247,248,232,I,I,0.00673624,21080,142,0
248,249,233,Y,Y,0.00716319,21080,151,0
249,250,234,W,W,0.00673624,21080,142,0
250,251,235,T,T,0.00678368,21080,143,0
251,252,236,I,I,0.00806452,21080,170,0
252,253,237,V,V,0.00673624,21080,142,0
253,254,238,K,K,0.00744782,21080,157,0
254,255,239,P,P,0.00697343,21080,147,0
255,256,240,G,G,0.00678368,21080,143,0
256,257,241,D,D,0.00678368,21080,143,0
257,258,242,I,I,0.01057875,21080,223,0
258,259,243,L,L,0.00683112,21080,144,0
259,260,244,L,L,0.00673624,21080,142,0
260,261,245,I,I,0.00678368,21080,143,0
261,262,246,N,N,0.00863378,21080,182,0
262,263,247,S,S,0.01494307,21080,315,1
263,264,248,T,T,0.00730550,21080,154,0
264,265,249,G,G,0.00673624,21080,142,0
265,266,250,N,N,0.00673624,21080,142,0
266,267,251,L,L,0.00673624,21080,142,0
267,268,252,I,I,0.00702087,21080,148,0
268,269,253,A,A,0.00683112,21080,144,0
269,270,254,P,P,0.00678368,21080,143,0
270,271,255,R,R,0.00687856,21080,145,0
271,272,256,G,G,0.00673624,21080,142,0
272,273,257,Y,Y,0.00673624,21080,142,0
273,274,258,F,F,0.00678368,21080,143,0
274,275,259,K,K,0.00801708,21080,169,0
275,276,260,I,I,0.01888046,21080,398,1
276,277,261,R,R,0.04421252,21080,932,1
277,278,262,S,S,0.01333017,21080,281,0
278,279,263,G,G,0.00730550,21080,154,0
279,280,264,K,K,0.00588235,21080,124,0
280,281,265,S,S,0.00697343,21080,147,0
281,282,266,S,S,0.00668880,21080,141,0
282,283,267,I,I,0.00725806,21080,153,0
283,284,268,M,M,0.00754269,21080,159,0
284,285,269,R,R,0.01015180,21080,214,0
285,286,270,S,S,0.00018975,21080,4,0
286,287,271,D,D,0.01489564,21080,314,1
287,288,272,A,A,0.00787476,21080,166,0
288,289,273,P,P,0.01603416,21080,338,1
289,290,274,I,I,0.00706831,21080,149,0
290,291,275,G,G,0.00887097,21080,187,0
291,292,276,K,K,0.00811195,21080,171,0
292,293,277,C,C,0.00673624,21080,142,0
293,294,278,K,K,0.49008539,21080,10331,1
294,295,279,S,S,0.00744782,21080,157,0
295,296,280,E,E,0.14283681,21080,3011,1
296,297,281,C,C,0.00678368,21080,143,0
297,298,282,I,I,0.00716319,21080,151,0
298,299,283,T,T,0.00678368,21080,143,0
299,300,284,P,P,0.00735294,21080,155,0
300,301,285,N,N,0.00683112,21080,144,0
301,302,286,G,G,0.00673624,21080,142,0
302,303,287,S,S,0.00683112,21080,144,0
303,304,288,I,I,0.00706831,21080,149,0
304,305,289,P,P,0.00109108,21080,23,0
305,306,290,N,N,0.00066414,21080,14,0
306,307,291,D,D,0.01086338,21080,229,0
307,308,292,K,K,0.00773245,21080,163,0
308,309,293,P,P,0.00678368,21080,143,0
309,310,294,F,F,0.00673624,21080,142,0
310,311,295,Q,Q,0.00668880,21080,141,0
311,312,296,N,N,0.00678368,21080,143,0
312,313,297,V,V,0.00777989,21080,164,0
313,314,298,N,N,0.00702087,21080,148,0
314,315,299,R,R,0.00792220,21080,167,0
315,316,300,I,I,0.00744782,21080,157,0
316,317,301,T,T,0.00735294,21080,155,0
317,318,302,Y,Y,0.00687856,21080,145,0
318,319,303,G,G,0.00668880,21080,141,0
319,320,304,A,A,0.01622391,21080,342,1
320,321,305,C,C,0.00678368,21080,143,0
321,322,306,P,P,0.00716319,21080,151,0
322,323,307,R,R,0.00725806,21080,153,0
323,324,308,Y,Y,0.00687856,21080,145,0
324,325,309,V,V,0.00934535,21080,197,0
325,326,310,K,K,0.00749526,21080,158,0
326,327,311,Q,Q,0.10830171,21080,2283,1
327,328,312,S,S,0.37111006,21080,7823,1
328,329,313,T,T,0.00702087,21080,148,0
329,330,314,L,L,0.00673624,21080,142,0
330,331,315,K,K,0.00028463,21080,6,0
331,332,316,L,L,0.00678368,21080,143,0
332,333,317,A,A,0.00673624,21080,142,0
333,334,318,T,T,0.00023719,21080,5,0
334,335,319,G,G,0.00673624,21080,142,0
335,336,320,M,M,0.00673624,21080,142,0
336,337,321,R,R,0.00678368,21080,143,0
337,338,322,N,N,0.00673624,21080,142,0
338,339,323,V,V,0.00801708,21080,169,0
339,340,324,P,P,0.00716319,21080,151,0
340,341,325,E,E,0.00702087,21080,148,0
341,342,326,K,K,0.06190702,21080,1305,1
342,343,327,Q,Q,0.00735294,21080,155,0
343,344,328,T,T,0.00759013,21080,160,0
344,345,329,R,R,0.00721063,21080,152,0
345,346,330,G,G,0.00673624,21080,142,0
346,347,331,I,I,0.00692600,21080,146,0
347,348,332,F,F,0.00683112,21080,144,0
348,349,333,G,G,0.00673624,21080,142,0
349,350,334,A,A,0.00683112,21080,144,0
350,351,335,I,I,0.00697343,21080,147,0
351,352,336,A,A,0.00678368,21080,143,0
352,353,337,G,G,0.00697343,21080,147,0
353,354,338,F,F,0.00687856,21080,145,0
354,355,339,I,I,0.00678368,21080,143,0
355,356,340,E,E,0.00678368,21080,143,0
356,357,341,N,N,0.00673624,21080,142,0
357,358,342,G,G,0.00018975,21080,4,0
358,359,343,W,W,0.00678368,21080,143,0
359,360,344,E,E,0.00692600,21080,146,0
360,361,345,G,G,0.00673624,21080,142,0
361,362,346,M,M,0.00721063,21080,152,0
362,363,347,V,V,0.18353890,21080,3869,1
363,364,348,D,D,0.00702087,21080,148,0
364,365,349,G,G,0.00673624,21080,142,0
365,366,350,W,W,0.00683112,21080,144,0
366,367,351,Y,Y,0.00683112,21080,144,0
367,368,352,G,G,0.00678368,21080,143,0
368,369,353,F,F,0.00711575,21080,150,0
369,370,354,R,R,0.00678368,21080,143,0
370,371,355,H,H,0.00678368,21080,143,0
371,372,356,Q,Q,0.00754269,21080,159,0
372,373,357,N,N,0.00673624,21080,142,0
373,374,358,S,S,0.00872865,21080,184,0
374,375,359,E,E,0.00692600,21080,146,0
375,376,360,G,G,0.00683112,21080,144,0
376,377,361,R,R,0.16973435,21080,3578,1
377,378,362,G,G,0.00697343,21080,147,0
378,379,363,Q,Q,0.00678368,21080,143,0
379,380,364,A,A,0.00687856,21080,145,0
380,381,365,A,A,0.00678368,21080,143,0
381,382,366,D,D,0.00692600,21080,146,0
382,383,367,L,L,0.00706831,21080,149,0
383,384,368,K,K,0.00735294,21080,155,0
384,385,369,S,S,0.00683112,21080,144,0
385,386,370,T,T,0.00678368,21080,143,0
386,387,371,Q,Q,0.00678368,21080,143,0
387,388,372,A,A,0.01043643,21080,220,0
388,389,373,A,A,0.00702087,21080,148,0
389,390,374,I,I,0.00820683,21080,173,0
390,391,375,D,D,0.15735294,21080,3317,1
391,392,376,Q,Q,0.00033207,21080,7,0
392,393,377,I,I,0.00683112,21080,144,0
393,394,378,N,N,0.00744782,21080,157,0
394,395,379,G,G,0.00725806,21080,153,0
395,396,380,K,K,0.00697343,21080,147,0
396,397,381,L,L,0.00706831,21080,149,0
397,398,382,N,N,0.00678368,21080,143,0
398,399,383,R,R,0.00754269,21080,159,0
399,400,384,L,L,0.00678368,21080,143,0
400,401,385,I,I,0.00749526,21080,158,0
401,402,386,G,G,0.04691651,21080,989,1
402,403,387,K,K,0.00744782,21080,157,0
403,404,388,T,T,0.00683112,21080,144,0
404,405,389,N,N,0.00792220,21080,167,0
405,406,390,E,E,0.00711575,21080,150,0
406,407,391,K,K,0.00687856,21080,145,0
407,408,392,F,F,0.00687856,21080,145,0
408,409,393,H,H,0.00678368,21080,143,0
409,410,394,Q,Q,0.00683112,21080,144,0
410,411,395,I,I,0.00683112,21080,144,0
411,412,396,E,E,0.00683112,21080,144,0
412,413,397,K,K,0.00692600,21080,146,0
413,414,398,E,E,0.00673624,21080,142,0
414,415,399,F,F,0.00683112,21080,144,0
415,416,400,S,S,0.00721063,21080,152,0
416,417,401,E,E,0.00066414,21080,14,0
417,418,402,V,V,0.00763757,21080,161,0
418,419,403,E,E,0.00028463,21080,6,0
419,420,404,G,G,0.00711575,21080,150,0
420,421,405,R,R,0.00687856,21080,145,0
421,422,406,I,I,0.00967742,21080,204,0
422,423,407,Q,Q,0.00683112,21080,144,0
423,424,408,D,D,0.00839658,21080,177,0
424,425,409,L,L,0.01304554,21080,275,0
425,426,410,E,E,0.00683112,21080,144,0
426,427,411,K,K,0.00877609,21080,185,0
427,428,412,Y,Y,0.00683112,21080,144,0
428,429,413,V,V,0.00910816,21080,192,0
429,430,414,E,E,0.00697343,21080,147,0
430,431,415,D,D,0.00678368,21080,143,0
431,432,416,T,T,0.00787476,21080,166,0
432,433,417,K,K,0.00683112,21080,144,0
433,434,418,I,I,0.00853890,21080,180,0
434,435,419,D,D,0.00687856,21080,145,0
435,436,420,L,L,0.00759013,21080,160,0
436,437,421,W,W,0.00678368,21080,143,0
437,438,422,S,S,0.00683112,21080,144,0
438,439,423,Y,Y,0.00683112,21080,144,0
439,440,424,N,N,0.00887097,21080,187,0
440,441,425,A,A,0.00877609,21080,185,0
441,442,426,E,E,0.00697343,21080,147,0
442,443,427,L,L,0.00777989,21080,164,0
443,444,428,L,L,0.00759013,21080,160,0
444,445,429,V,V,0.00692600,21080,146,0
445,446,430,A,A,0.00128083,21080,27,0
446,447,431,L,L,0.00711575,21080,150,0
447,448,432,E,E,0.00683112,21080,144,0
448,449,433,N,N,0.00687856,21080,145,0
449,450,434,Q,Q,0.00706831,21080,149,0
450,451,435,H,H,0.00702087,21080,148,0
451,452,436,T,T,0.00692600,21080,146,0
452,453,437,I,I,0.00740038,21080,156,0
453,454,438,D,D,0.00716319,21080,151,0
454,455,439,L,L,0.00692600,21080,146,0
455,456,440,T,T,0.00711575,21080,150,0
456,457,441,D,D,0.00706831,21080,149,0
457,458,442,S,S,0.01053131,21080,222,0
458,459,443,E,E,0.00706831,21080,149,0
459,460,444,M,M,0.00697343,21080,147,0
460,461,445,N,N,0.00948767,21080,200,0
461,462,446,K,K,0.00697343,21080,147,0
462,463,447,L,L,0.00702087,21080,148,0
463,464,448,F,F,0.00687856,21080,145,0
464,465,449,E,E,0.00692600,21080,146,0
465,466,450,K,K,0.16446869,21080,3467,1
466,467,451,T,T,0.00692600,21080,146,0
467,468,452,K,K,0.01641366,21080,346,1
468,469,453,K,K,0.00811195,21080,171,0
469,470,454,Q,Q,0.00687856,21080,145,0
470,471,455,L,L,0.00744782,21080,157,0
471,472,456,R,R,0.00711575,21080,150,0
472,473,457,E,E,0.00687856,21080,145,0
473,474,458,N,N,0.00683112,21080,144,0
474,475,459,A,A,0.00687856,21080,145,0
475,476,460,E,E,0.00687856,21080,145,0
476,477,461,D,D,0.00735294,21080,155,0
477,478,462,M,M,0.01024668,21080,216,0
478,479,463,G,G,0.00716319,21080,151,0
479,480,464,N,N,0.00683112,21080,144,0
480,481,465,G,G,0.00678368,21080,143,0
481,482,466,C,C,0.00683112,21080,144,0
482,483,467,F,F,0.00687856,21080,145,0
483,484,468,K,K,0.00996205,21080,210,0
484,485,469,I,I,0.00697343,21080,147,0
485,486,470,Y,Y,0.00673624,21080,142,0
486,487,471,H,H,0.00683112,21080,144,0
487,488,472,K,K,0.00740038,21080,156,0
488,489,473,C,C,0.00678368,21080,143,0
489,490,474,D,D,0.00754269,21080,159,0
490,491,475,N,N,0.00716319,21080,151,0
491,492,476,A,A,0.01053131,21080,222,0
492,493,477,C,C,0.00678368,21080,143,0
493,494,478,I,I,0.00806452,21080,170,0
494,495,479,G,G,0.01333017,21080,281,0
495,496,480,S,S,0.00697343,21080,147,0
496,497,481,I,I,0.00673624,21080,142,0
497,498,482,R,R,0.00687856,21080,145,0
498,499,483,N,N,0.00702087,21080,148,0
499,500,484,G,G,0.00398482,21080,84,0
500,501,485,T,T,0.00777989,21080,164,0
501,502,486,Y,Y,0.00678368,21080,143,0
502,503,487,D,D,0.11385199,21080,2400,1
503,504,488,H,H,0.00706831,21080,149,0
504,505,489,D,D,0.19264706,21080,4061,1
505,506,490,V,V,0.00811195,21080,171,0
506,507,491,Y,Y,0.00023719,21080,5,0
507,508,492,R,R,0.00683112,21080,144,0
508,509,493,D,D,0.01015180,21080,214,0
509,510,494,E,E,0.00683112,21080,144,0
510,511,495,A,A,0.00687856,21080,145,0
511,512,496,L,L,0.00725806,21080,153,0
512,513,497,N,N,0.00906072,21080,191,0
513,514,498,N,N,0.00986717,21080,208,0
514,515,499,R,R,0.00678368,21080,143,0
515,516,500,F,F,0.00716319,21080,151,0
516,517,501,Q,Q,0.00986717,21080,208,0
517,518,502,I,I,0.00763757,21080,161,0
518,519,503,K,K,0.00920304,21080,194,0
519,520,504,G,G,0.00744782,21080,157,0
520,521,505,V,V,0.01266603,21080,267,0
521,522,506,E,E,0.00706831,21080,149,0
522,523,507,L,L,0.00683112,21080,144,0
523,524,508,K,K,0.00132827,21080,28,0
524,525,509,S,S,0.00749526,21080,158,0
525,526,510,G,G,0.00868121,21080,183,0
526,527,511,Y,Y,0.00687856,21080,145,0
527,528,512,K,K,0.00683112,21080,144,0
528,529,513,D,D,0.00858634,21080,181,0
529,530,514,W,W,0.00683112,21080,144,0
530,531,515,I,I,0.01394687,21080,294,0
531,532,516,L,L,0.00721063,21080,152,0
532,533,517,W,W,0.00678368,21080,143,0
533,534,518,I,I,0.00683112,21080,144,0
534,535,519,S,S,0.00673656,21079,142,0
535,536,520,F,F,0.00683144,21079,144,0
536,537,521,A,A,0.00749561,21079,158,0
537,538,522,I,I,0.01650932,21079,348,1
538,539,523,S,S,0.00673656,21079,142,0
539,540,524,C,C,0.00706865,21079,149,0
540,541,525,F,F,0.00185018,21079,39,0
541,542,526,L,L,0.00678400,21079,143,0
542,543,527,L,L,0.00768537,21079,162,0
543,544,528,C,C,0.00711609,21079,150,0
544,545,529,V,V,0.04264908,21079,899,1
545,546,530,A,A,0.07690118,21079,1621,1
546,547,531,L,L,0.00037952,21079,8,0
547,548,532,L,L,0.00061673,21079,13,0
548,549,533,G,G,0.00678400,21079,143,0
549,550,534,F,F,0.00887139,21079,187,0
550,551,535,I,I,0.00706898,21078,149,0
551,552,536,M,M,0.00725875,21078,153,0
552,553,537,W,W,0.00687921,21078,145,0
553,554,538,A,A,0.00744852,21078,157,0
554,555,539,C,C,0.00678432,21078,143,0
555,556,540,Q,Q,0.00706898,21078,149,0
556,557,541,K,K,0.00801784,21078,169,0
557,558,542,G,G,0.00730620,21078,154,0
558,559,543,N,N,0.00692665,21078,146,0
559,560,544,I,I,0.00773318,21078,163,0
560,561,545,R,R,0.00759085,21078,160,0
561,562,546,C,C,0.00673784,21075,142,0
562,563,547,N,N,0.01048636,21075,221,0
563,564,548,I,I,0.00754448,21075,159,0
564,565,549,C,C,0.00692764,21075,146,0
565,566,550,I,I,0.00716523,21074,151,0
