name,date,season
EPI_ISL_367038,2019-04-18,2018-2019
EPI_ISL_367428,2019-04-18,2018-2019
EPI_ISL_367448,2019-04-18,2018-2019
EPI_ISL_367474,2019-04-18,2018-2019
EPI_ISL_367549,2019-04-18,2018-2019
EPI_ISL_368177,2019-04-18,2018-2019
EPI_ISL_369068,2019-04-18,2018-2019
EPI_ISL_369098,2019-04-18,2018-2019
EPI_ISL_369105,2019-04-18,2018-2019
EPI_ISL_20390484,2019-04-18,2018-2019
EPI_ISL_20390495,2019-04-18,2018-2019
EPI_ISL_502007,2019-04-18,2018-2019
EPI_ISL_502036,2019-04-18,2018-2019
EPI_ISL_18988910,2019-04-18,2018-2019
EPI_ISL_377472,2019-04-18,2018-2019
EPI_ISL_377714,2019-04-18,2018-2019
EPI_ISL_377863,2019-04-18,2018-2019
EPI_ISL_378053,2019-04-18,2018-2019
EPI_ISL_378197,2019-04-18,2018-2019
EPI_ISL_378198,2019-04-18,2018-2019
EPI_ISL_378547,2019-04-18,2018-2019
EPI_ISL_380745,2019-04-18,2018-2019
EPI_ISL_514015,2019-04-18,2018-2019
EPI_ISL_514014,2019-04-18,2018-2019
EPI_ISL_514012,2019-04-18,2018-2019
EPI_ISL_514011,2019-04-18,2018-2019
EPI_ISL_514008,2019-04-18,2018-2019
EPI_ISL_386870,2019-04-18,2018-2019
EPI_ISL_355162,2019-04-18,2018-2019
EPI_ISL_356274,2019-04-18,2018-2019
EPI_ISL_356881,2019-04-18,2018-2019
EPI_ISL_395184,2019-04-19,2018-2019
EPI_ISL_362629,2019-04-19,2018-2019
EPI_ISL_363223,2019-04-19,2018-2019
EPI_ISL_363238,2019-04-19,2018-2019
EPI_ISL_363241,2019-04-19,2018-2019
EPI_ISL_18681170,2019-04-19,2018-2019
EPI_ISL_18681219,2019-04-19,2018-2019
EPI_ISL_363825,2019-04-19,2018-2019
EPI_ISL_364006,2019-04-19,2018-2019
EPI_ISL_365977,2019-04-19,2018-2019
EPI_ISL_367029,2019-04-19,2018-2019
EPI_ISL_4069934,2019-04-19,2018-2019
EPI_ISL_4070003,2019-04-19,2018-2019
EPI_ISL_367362,2019-04-19,2018-2019
EPI_ISL_369066,2019-04-19,2018-2019
EPI_ISL_369100,2019-04-19,2018-2019
EPI_ISL_369099,2019-04-19,2018-2019
EPI_ISL_17673018,2019-04-19,2018-2019
EPI_ISL_18988919,2019-04-19,2018-2019
EPI_ISL_377648,2019-04-19,2018-2019
EPI_ISL_377713,2019-04-19,2018-2019
EPI_ISL_377938,2019-04-19,2018-2019
EPI_ISL_378199,2019-04-19,2018-2019
EPI_ISL_378570,2019-04-19,2018-2019
EPI_ISL_514019,2019-04-19,2018-2019
EPI_ISL_389048,2019-04-19,2018-2019
EPI_ISL_356290,2019-04-19,2018-2019
EPI_ISL_389226,2019-04-19,2018-2019
EPI_ISL_394017,2019-04-20,2018-2019
EPI_ISL_19596794,2019-04-20,2018-2019
EPI_ISL_394632,2019-04-20,2018-2019
EPI_ISL_394633,2019-04-20,2018-2019
EPI_ISL_362196,2019-04-20,2018-2019
EPI_ISL_362211,2019-04-20,2018-2019
EPI_ISL_395181,2019-04-20,2018-2019
EPI_ISL_395248,2019-04-20,2018-2019
EPI_ISL_362597,2019-04-20,2018-2019
EPI_ISL_362641,2019-04-20,2018-2019
EPI_ISL_362640,2019-04-20,2018-2019
EPI_ISL_363221,2019-04-20,2018-2019
EPI_ISL_363220,2019-04-20,2018-2019
EPI_ISL_363219,2019-04-20,2018-2019
EPI_ISL_363224,2019-04-20,2018-2019
EPI_ISL_363254,2019-04-20,2018-2019
EPI_ISL_363249,2019-04-20,2018-2019
EPI_ISL_4069957,2019-04-20,2018-2019
EPI_ISL_369072,2019-04-20,2018-2019
EPI_ISL_370364,2019-04-20,2018-2019
EPI_ISL_377314,2019-04-20,2018-2019
EPI_ISL_377525,2019-04-20,2018-2019
EPI_ISL_377665,2019-04-20,2018-2019
EPI_ISL_377687,2019-04-20,2018-2019
EPI_ISL_377905,2019-04-20,2018-2019
EPI_ISL_377906,2019-04-20,2018-2019
EPI_ISL_378051,2019-04-20,2018-2019
EPI_ISL_378200,2019-04-20,2018-2019
EPI_ISL_380799,2019-04-20,2018-2019
EPI_ISL_380794,2019-04-20,2018-2019
EPI_ISL_514016,2019-04-20,2018-2019
EPI_ISL_355165,2019-04-20,2018-2019
EPI_ISL_355166,2019-04-20,2018-2019
EPI_ISL_389229,2019-04-20,2018-2019
EPI_ISL_392546,2019-04-20,2018-2019
EPI_ISL_362087,2019-04-21,2018-2019
EPI_ISL_367019,2019-04-21,2018-2019
EPI_ISL_369073,2019-04-21,2018-2019
EPI_ISL_502037,2019-04-21,2018-2019
EPI_ISL_18988916,2019-04-21,2018-2019
EPI_ISL_377699,2019-04-21,2018-2019
EPI_ISL_377719,2019-04-21,2018-2019
EPI_ISL_378105,2019-04-21,2018-2019
EPI_ISL_378572,2019-04-21,2018-2019
EPI_ISL_514023,2019-04-21,2018-2019
EPI_ISL_514017,2019-04-21,2018-2019
EPI_ISL_388705,2019-04-21,2018-2019
EPI_ISL_357842,2019-04-21,2018-2019
EPI_ISL_357887,2019-04-21,2018-2019
EPI_ISL_394778,2019-04-22,2018-2019
EPI_ISL_394779,2019-04-22,2018-2019
EPI_ISL_362205,2019-04-22,2018-2019
EPI_ISL_363099,2019-04-22,2018-2019
EPI_ISL_363252,2019-04-22,2018-2019
EPI_ISL_363258,2019-04-22,2018-2019
EPI_ISL_363836,2019-04-22,2018-2019
EPI_ISL_363921,2019-04-22,2018-2019
EPI_ISL_364376,2019-04-22,2018-2019
EPI_ISL_367020,2019-04-22,2018-2019
EPI_ISL_367027,2019-04-22,2018-2019
EPI_ISL_367381,2019-04-22,2018-2019
EPI_ISL_367380,2019-04-22,2018-2019
EPI_ISL_367390,2019-04-22,2018-2019
EPI_ISL_367425,2019-04-22,2018-2019
EPI_ISL_367445,2019-04-22,2018-2019
EPI_ISL_367447,2019-04-22,2018-2019
EPI_ISL_367451,2019-04-22,2018-2019
EPI_ISL_367458,2019-04-22,2018-2019
EPI_ISL_367477,2019-04-22,2018-2019
EPI_ISL_369063,2019-04-22,2018-2019
EPI_ISL_369070,2019-04-22,2018-2019
EPI_ISL_369074,2019-04-22,2018-2019
EPI_ISL_369091,2019-04-22,2018-2019
EPI_ISL_372531,2019-04-22,2018-2019
EPI_ISL_405948,2019-04-22,2018-2019
EPI_ISL_505739,2019-04-22,2018-2019
EPI_ISL_15842352,2019-04-22,2018-2019
EPI_ISL_18988913,2019-04-22,2018-2019
EPI_ISL_377128,2019-04-22,2018-2019
EPI_ISL_410039,2019-04-22,2018-2019
EPI_ISL_410040,2019-04-22,2018-2019
EPI_ISL_377330,2019-04-22,2018-2019
EPI_ISL_377634,2019-04-22,2018-2019
EPI_ISL_377695,2019-04-22,2018-2019
EPI_ISL_380075,2019-04-22,2018-2019
EPI_ISL_514024,2019-04-22,2018-2019
EPI_ISL_386869,2019-04-22,2018-2019
EPI_ISL_389041,2019-04-22,2018-2019
EPI_ISL_356503,2019-04-22,2018-2019
EPI_ISL_390438,2019-04-22,2018-2019
EPI_ISL_357768,2019-04-22,2018-2019
EPI_ISL_357846,2019-04-22,2018-2019
EPI_ISL_390915,2019-04-22,2018-2019
EPI_ISL_391392,2019-04-22,2018-2019
EPI_ISL_391437,2019-04-22,2018-2019
EPI_ISL_393591,2019-04-23,2018-2019
EPI_ISL_393970,2019-04-23,2018-2019
EPI_ISL_393984,2019-04-23,2018-2019
EPI_ISL_394041,2019-04-23,2018-2019
EPI_ISL_19597165,2019-04-23,2018-2019
EPI_ISL_394864,2019-04-23,2018-2019
EPI_ISL_394928,2019-04-23,2018-2019
EPI_ISL_362197,2019-04-23,2018-2019
EPI_ISL_395101,2019-04-23,2018-2019
EPI_ISL_395183,2019-04-23,2018-2019
EPI_ISL_362604,2019-04-23,2018-2019
EPI_ISL_362609,2019-04-23,2018-2019
EPI_ISL_362631,2019-04-23,2018-2019
EPI_ISL_362630,2019-04-23,2018-2019
EPI_ISL_363231,2019-04-23,2018-2019
EPI_ISL_363233,2019-04-23,2018-2019
EPI_ISL_363247,2019-04-23,2018-2019
EPI_ISL_363255,2019-04-23,2018-2019
EPI_ISL_364357,2019-04-23,2018-2019
EPI_ISL_367026,2019-04-23,2018-2019
EPI_ISL_367032,2019-04-23,2018-2019
EPI_ISL_367034,2019-04-23,2018-2019
EPI_ISL_367426,2019-04-23,2018-2019
EPI_ISL_367433,2019-04-23,2018-2019
EPI_ISL_367455,2019-04-23,2018-2019
EPI_ISL_369104,2019-04-23,2018-2019
EPI_ISL_502028,2019-04-23,2018-2019
EPI_ISL_405947,2019-04-23,2018-2019
EPI_ISL_406009,2019-04-23,2018-2019
EPI_ISL_18988928,2019-04-23,2018-2019
EPI_ISL_377331,2019-04-23,2018-2019
EPI_ISL_377639,2019-04-23,2018-2019
EPI_ISL_377638,2019-04-23,2018-2019
EPI_ISL_377725,2019-04-23,2018-2019
EPI_ISL_378047,2019-04-23,2018-2019
EPI_ISL_378103,2019-04-23,2018-2019
EPI_ISL_380078,2019-04-23,2018-2019
EPI_ISL_514022,2019-04-23,2018-2019
EPI_ISL_514025,2019-04-23,2018-2019
EPI_ISL_514038,2019-04-23,2018-2019
EPI_ISL_387020,2019-04-23,2018-2019
EPI_ISL_355167,2019-04-23,2018-2019
EPI_ISL_356261,2019-04-23,2018-2019
EPI_ISL_389225,2019-04-23,2018-2019
EPI_ISL_389279,2019-04-23,2018-2019
EPI_ISL_356572,2019-04-23,2018-2019
EPI_ISL_356883,2019-04-23,2018-2019
EPI_ISL_356882,2019-04-23,2018-2019
EPI_ISL_391439,2019-04-23,2018-2019
EPI_ISL_491490,2019-04-23,2018-2019
EPI_ISL_393592,2019-04-24,2018-2019
EPI_ISL_394634,2019-04-24,2018-2019
EPI_ISL_394793,2019-04-24,2018-2019
EPI_ISL_19597289,2019-04-24,2018-2019
EPI_ISL_394956,2019-04-24,2018-2019
EPI_ISL_362621,2019-04-24,2018-2019
EPI_ISL_363205,2019-04-24,2018-2019
EPI_ISL_363232,2019-04-24,2018-2019
EPI_ISL_363246,2019-04-24,2018-2019
EPI_ISL_363253,2019-04-24,2018-2019
EPI_ISL_363248,2019-04-24,2018-2019
EPI_ISL_363250,2019-04-24,2018-2019
EPI_ISL_363860,2019-04-24,2018-2019
EPI_ISL_398120,2019-04-24,2018-2019
EPI_ISL_367028,2019-04-24,2018-2019
EPI_ISL_367454,2019-04-24,2018-2019
EPI_ISL_367449,2019-04-24,2018-2019
EPI_ISL_20488752,2019-04-24,2018-2019
EPI_ISL_372303,2019-04-24,2018-2019
EPI_ISL_372532,2019-04-24,2018-2019
EPI_ISL_372530,2019-04-24,2018-2019
EPI_ISL_405946,2019-04-24,2018-2019
EPI_ISL_18988925,2019-04-24,2018-2019
EPI_ISL_377109,2019-04-24,2018-2019
EPI_ISL_377720,2019-04-24,2018-2019
EPI_ISL_377731,2019-04-24,2018-2019
EPI_ISL_377940,2019-04-24,2018-2019
EPI_ISL_378049,2019-04-24,2018-2019
EPI_ISL_378048,2019-04-24,2018-2019
EPI_ISL_378107,2019-04-24,2018-2019
EPI_ISL_514052,2019-04-24,2018-2019
EPI_ISL_417907,2019-04-24,2018-2019
EPI_ISL_388704,2019-04-24,2018-2019
EPI_ISL_356699,2019-04-24,2018-2019
EPI_ISL_356767,2019-04-24,2018-2019
EPI_ISL_390100,2019-04-24,2018-2019
EPI_ISL_357843,2019-04-24,2018-2019
EPI_ISL_357848,2019-04-24,2018-2019
EPI_ISL_391440,2019-04-24,2018-2019
EPI_ISL_363257,2019-04-25,2018-2019
EPI_ISL_364007,2019-04-25,2018-2019
EPI_ISL_367345,2019-04-25,2018-2019
EPI_ISL_367452,2019-04-25,2018-2019
EPI_ISL_20489076,2019-04-25,2018-2019
EPI_ISL_372533,2019-04-25,2018-2019
EPI_ISL_405950,2019-04-25,2018-2019
EPI_ISL_2179275,2019-04-25,2018-2019
EPI_ISL_377129,2019-04-25,2018-2019
EPI_ISL_377474,2019-04-25,2018-2019
EPI_ISL_377700,2019-04-25,2018-2019
EPI_ISL_377708,2019-04-25,2018-2019
EPI_ISL_377710,2019-04-25,2018-2019
EPI_ISL_377706,2019-04-25,2018-2019
EPI_ISL_378571,2019-04-25,2018-2019
EPI_ISL_380796,2019-04-25,2018-2019
EPI_ISL_514030,2019-04-25,2018-2019
EPI_ISL_514029,2019-04-25,2018-2019
EPI_ISL_514037,2019-04-25,2018-2019
EPI_ISL_514036,2019-04-25,2018-2019
EPI_ISL_514035,2019-04-25,2018-2019
EPI_ISL_389035,2019-04-25,2018-2019
EPI_ISL_389034,2019-04-25,2018-2019
EPI_ISL_356279,2019-04-25,2018-2019
EPI_ISL_389042,2019-04-25,2018-2019
EPI_ISL_389468,2019-04-25,2018-2019
EPI_ISL_356884,2019-04-25,2018-2019
EPI_ISL_357763,2019-04-25,2018-2019
EPI_ISL_357877,2019-04-25,2018-2019
EPI_ISL_357884,2019-04-25,2018-2019
EPI_ISL_357881,2019-04-25,2018-2019
EPI_ISL_393765,2019-04-26,2018-2019
EPI_ISL_394794,2019-04-26,2018-2019
EPI_ISL_395121,2019-04-26,2018-2019
EPI_ISL_362624,2019-04-26,2018-2019
EPI_ISL_362661,2019-04-26,2018-2019
EPI_ISL_363207,2019-04-26,2018-2019
EPI_ISL_363206,2019-04-26,2018-2019
EPI_ISL_363230,2019-04-26,2018-2019
EPI_ISL_363251,2019-04-26,2018-2019
EPI_ISL_363256,2019-04-26,2018-2019
EPI_ISL_363831,2019-04-26,2018-2019
EPI_ISL_363830,2019-04-26,2018-2019
EPI_ISL_363833,2019-04-26,2018-2019
EPI_ISL_363991,2019-04-26,2018-2019
EPI_ISL_398119,2019-04-26,2018-2019
EPI_ISL_367430,2019-04-26,2018-2019
EPI_ISL_20488629,2019-04-26,2018-2019
EPI_ISL_20488773,2019-04-26,2018-2019
EPI_ISL_370354,2019-04-26,2018-2019
EPI_ISL_502011,2019-04-26,2018-2019
EPI_ISL_502039,2019-04-26,2018-2019
EPI_ISL_372301,2019-04-26,2018-2019
EPI_ISL_372529,2019-04-26,2018-2019
EPI_ISL_1716904,2019-04-26,2018-2019
EPI_ISL_18988922,2019-04-26,2018-2019
EPI_ISL_377693,2019-04-26,2018-2019
EPI_ISL_377711,2019-04-26,2018-2019
EPI_ISL_377712,2019-04-26,2018-2019
EPI_ISL_377855,2019-04-26,2018-2019
EPI_ISL_377927,2019-04-26,2018-2019
EPI_ISL_378043,2019-04-26,2018-2019
EPI_ISL_378097,2019-04-26,2018-2019
EPI_ISL_378206,2019-04-26,2018-2019
EPI_ISL_378548,2019-04-26,2018-2019
EPI_ISL_380084,2019-04-26,2018-2019
EPI_ISL_514020,2019-04-26,2018-2019
EPI_ISL_514018,2019-04-26,2018-2019
EPI_ISL_1005691,2019-04-26,2018-2019
EPI_ISL_387042,2019-04-26,2018-2019
EPI_ISL_388687,2019-04-26,2018-2019
EPI_ISL_356275,2019-04-26,2018-2019
EPI_ISL_389049,2019-04-26,2018-2019
EPI_ISL_356579,2019-04-26,2018-2019
EPI_ISL_357440,2019-04-26,2018-2019
EPI_ISL_357876,2019-04-26,2018-2019
EPI_ISL_391675,2019-04-26,2018-2019
EPI_ISL_394863,2019-04-27,2018-2019
EPI_ISL_362195,2019-04-27,2018-2019
EPI_ISL_362201,2019-04-27,2018-2019
EPI_ISL_362202,2019-04-27,2018-2019
EPI_ISL_363208,2019-04-27,2018-2019
EPI_ISL_363998,2019-04-27,2018-2019
EPI_ISL_398338,2019-04-27,2018-2019
EPI_ISL_398339,2019-04-27,2018-2019
EPI_ISL_367392,2019-04-27,2018-2019
EPI_ISL_443128,2019-04-27,2018-2019
EPI_ISL_377677,2019-04-27,2018-2019
EPI_ISL_377678,2019-04-27,2018-2019
EPI_ISL_377680,2019-04-27,2018-2019
EPI_ISL_377709,2019-04-27,2018-2019
EPI_ISL_377840,2019-04-27,2018-2019
EPI_ISL_378207,2019-04-27,2018-2019
EPI_ISL_514031,2019-04-27,2018-2019
EPI_ISL_389037,2019-04-27,2018-2019
EPI_ISL_389460,2019-04-27,2018-2019
EPI_ISL_356889,2019-04-27,2018-2019
EPI_ISL_356888,2019-04-27,2018-2019
EPI_ISL_357794,2019-04-27,2018-2019
EPI_ISL_19597241,2019-04-28,2018-2019
EPI_ISL_367346,2019-04-28,2018-2019
EPI_ISL_367387,2019-04-28,2018-2019
EPI_ISL_367438,2019-04-28,2018-2019
EPI_ISL_367440,2019-04-28,2018-2019
EPI_ISL_368208,2019-04-28,2018-2019
EPI_ISL_20426766,2019-04-28,2018-2019
EPI_ISL_377701,2019-04-28,2018-2019
EPI_ISL_380068,2019-04-28,2018-2019
EPI_ISL_389459,2019-04-28,2018-2019
EPI_ISL_389553,2019-04-28,2018-2019
EPI_ISL_357837,2019-04-28,2018-2019
EPI_ISL_357882,2019-04-28,2018-2019
EPI_ISL_393785,2019-04-29,2018-2019
EPI_ISL_394745,2019-04-29,2018-2019
EPI_ISL_394780,2019-04-29,2018-2019
EPI_ISL_19597211,2019-04-29,2018-2019
EPI_ISL_394930,2019-04-29,2018-2019
EPI_ISL_395213,2019-04-29,2018-2019
EPI_ISL_362614,2019-04-29,2018-2019
EPI_ISL_362625,2019-04-29,2018-2019
EPI_ISL_18681162,2019-04-29,2018-2019
EPI_ISL_560383,2019-04-29,2018-2019
EPI_ISL_560384,2019-04-29,2018-2019
EPI_ISL_363992,2019-04-29,2018-2019
EPI_ISL_364377,2019-04-29,2018-2019
EPI_ISL_367025,2019-04-29,2018-2019
EPI_ISL_367386,2019-04-29,2018-2019
EPI_ISL_367395,2019-04-29,2018-2019
EPI_ISL_367442,2019-04-29,2018-2019
EPI_ISL_368165,2019-04-29,2018-2019
EPI_ISL_502031,2019-04-29,2018-2019
EPI_ISL_404965,2019-04-29,2018-2019
EPI_ISL_20426758,2019-04-29,2018-2019
EPI_ISL_405949,2019-04-29,2018-2019
EPI_ISL_505738,2019-04-29,2018-2019
EPI_ISL_377102,2019-04-29,2018-2019
EPI_ISL_377116,2019-04-29,2018-2019
EPI_ISL_377121,2019-04-29,2018-2019
EPI_ISL_377668,2019-04-29,2018-2019
EPI_ISL_377735,2019-04-29,2018-2019
EPI_ISL_378046,2019-04-29,2018-2019
EPI_ISL_378230,2019-04-29,2018-2019
EPI_ISL_378224,2019-04-29,2018-2019
EPI_ISL_378226,2019-04-29,2018-2019
EPI_ISL_380801,2019-04-29,2018-2019
EPI_ISL_514028,2019-04-29,2018-2019
EPI_ISL_514027,2019-04-29,2018-2019
EPI_ISL_514033,2019-04-29,2018-2019
EPI_ISL_18931139,2019-04-29,2018-2019
EPI_ISL_389043,2019-04-29,2018-2019
EPI_ISL_356701,2019-04-29,2018-2019
EPI_ISL_390035,2019-04-29,2018-2019
EPI_ISL_357337,2019-04-29,2018-2019
EPI_ISL_13497568,2019-04-29,2018-2019
EPI_ISL_390433,2019-04-29,2018-2019
EPI_ISL_391017,2019-04-29,2018-2019
EPI_ISL_391123,2019-04-29,2018-2019
