name,date
EPI_ISL_169873,2014-12-26
EPI_ISL_175267,2014-12-27
EPI_ISL_178002,2014-12-27
EPI_ISL_178003,2014-12-27
EPI_ISL_171578,2014-12-28
EPI_ISL_171722,2014-12-28
EPI_ISL_174941,2014-12-28
EPI_ISL_171723,2014-12-29
EPI_ISL_173183,2014-12-29
EPI_ISL_173185,2014-12-29
EPI_ISL_174942,2014-12-29
EPI_ISL_174966,2014-12-29
EPI_ISL_188708,2014-12-29
EPI_ISL_295541,2014-12-30
EPI_ISL_170615,2014-12-30
EPI_ISL_170624,2014-12-30
EPI_ISL_171735,2014-12-30
EPI_ISL_173197,2014-12-30
EPI_ISL_170609,2014-12-31
EPI_ISL_171596,2014-12-31
EPI_ISL_173186,2014-12-31
EPI_ISL_284314,2014-12-31
EPI_ISL_197807,2015-01-01
EPI_ISL_13046468,2015-01-01
EPI_ISL_13046496,2015-01-01
EPI_ISL_13046443,2015-01-01
EPI_ISL_13046442,2015-01-01
EPI_ISL_13046441,2015-01-01
EPI_ISL_13046440,2015-01-01
EPI_ISL_201863,2015-01-01
EPI_ISL_201862,2015-01-01
EPI_ISL_201861,2015-01-01
EPI_ISL_19437027,2015-01-01
EPI_ISL_19437008,2015-01-01
EPI_ISL_203043,2015-01-01
EPI_ISL_203050,2015-01-01
EPI_ISL_203597,2015-01-01
EPI_ISL_237559,2015-01-01
EPI_ISL_237558,2015-01-01
EPI_ISL_237560,2015-01-01
EPI_ISL_237882,2015-01-01
EPI_ISL_238296,2015-01-01
EPI_ISL_238387,2015-01-01
EPI_ISL_173193,2015-01-01
EPI_ISL_239881,2015-01-01
EPI_ISL_207122,2015-01-01
EPI_ISL_208475,2015-01-01
EPI_ISL_179231,2015-01-01
EPI_ISL_213235,2015-01-01
EPI_ISL_214356,2015-01-01
EPI_ISL_215031,2015-01-01
EPI_ISL_215032,2015-01-01
EPI_ISL_216411,2015-01-01
EPI_ISL_216415,2015-01-01
EPI_ISL_216414,2015-01-01
EPI_ISL_216412,2015-01-01
EPI_ISL_219699,2015-01-01
EPI_ISL_219700,2015-01-01
EPI_ISL_221002,2015-01-01
EPI_ISL_221603,2015-01-01
EPI_ISL_221602,2015-01-01
EPI_ISL_223351,2015-01-01
EPI_ISL_223353,2015-01-01
EPI_ISL_223352,2015-01-01
EPI_ISL_193139,2015-01-01
EPI_ISL_194511,2015-01-01
EPI_ISL_171736,2015-01-02
EPI_ISL_192777,2015-01-02
EPI_ISL_171731,2015-01-04
EPI_ISL_173191,2015-01-04
EPI_ISL_175261,2015-01-04
EPI_ISL_215037,2015-01-04
EPI_ISL_170610,2015-01-05
EPI_ISL_170617,2015-01-05
EPI_ISL_173190,2015-01-05
EPI_ISL_173194,2015-01-05
EPI_ISL_173199,2015-01-05
EPI_ISL_173196,2015-01-05
EPI_ISL_207123,2015-01-05
EPI_ISL_174943,2015-01-05
EPI_ISL_177456,2015-01-05
EPI_ISL_179233,2015-01-05
EPI_ISL_214355,2015-01-05
EPI_ISL_214354,2015-01-05
EPI_ISL_284276,2015-01-05
EPI_ISL_192062,2015-01-05
EPI_ISL_171737,2015-01-06
EPI_ISL_172927,2015-01-06
EPI_ISL_172925,2015-01-06
EPI_ISL_173188,2015-01-06
EPI_ISL_173195,2015-01-06
EPI_ISL_173198,2015-01-06
EPI_ISL_178020,2015-01-06
EPI_ISL_179271,2015-01-06
EPI_ISL_179477,2015-01-06
EPI_ISL_284649,2015-01-06
EPI_ISL_192060,2015-01-06
EPI_ISL_235048,2015-01-07
EPI_ISL_170623,2015-01-07
EPI_ISL_171847,2015-01-07
EPI_ISL_171850,2015-01-07
EPI_ISL_172637,2015-01-07
EPI_ISL_173262,2015-01-07
EPI_ISL_173271,2015-01-07
EPI_ISL_174006,2015-01-07
EPI_ISL_174926,2015-01-07
EPI_ISL_174934,2015-01-07
EPI_ISL_179219,2015-01-07
EPI_ISL_15146383,2015-01-08
EPI_ISL_173269,2015-01-08
EPI_ISL_174945,2015-01-08
EPI_ISL_175264,2015-01-08
EPI_ISL_178029,2015-01-08
EPI_ISL_171732,2015-01-09
EPI_ISL_212219,2015-01-09
EPI_ISL_179478,2015-01-09
EPI_ISL_188706,2015-01-09
EPI_ISL_193011,2015-01-09
EPI_ISL_174935,2015-01-10
EPI_ISL_172933,2015-01-11
EPI_ISL_174933,2015-01-12
EPI_ISL_175069,2015-01-12
EPI_ISL_175079,2015-01-12
EPI_ISL_178108,2015-01-12
EPI_ISL_179268,2015-01-12
EPI_ISL_214360,2015-01-12
EPI_ISL_190443,2015-01-12
EPI_ISL_192063,2015-01-12
EPI_ISL_193110,2015-01-12
EPI_ISL_207124,2015-01-13
EPI_ISL_174936,2015-01-13
EPI_ISL_179261,2015-01-13
EPI_ISL_214350,2015-01-13
EPI_ISL_192065,2015-01-13
EPI_ISL_15146462,2015-01-14
EPI_ISL_174937,2015-01-14
EPI_ISL_174968,2015-01-14
EPI_ISL_175074,2015-01-14
EPI_ISL_176851,2015-01-14
EPI_ISL_178111,2015-01-14
EPI_ISL_179224,2015-01-14
EPI_ISL_179270,2015-01-14
EPI_ISL_179269,2015-01-14
EPI_ISL_271473,2015-01-15
EPI_ISL_174931,2015-01-15
EPI_ISL_179240,2015-01-15
EPI_ISL_179266,2015-01-15
EPI_ISL_188705,2015-01-15
EPI_ISL_192727,2015-01-15
EPI_ISL_195262,2015-01-15
EPI_ISL_201773,2015-01-16
EPI_ISL_170983,2015-01-16
EPI_ISL_175081,2015-01-16
EPI_ISL_179243,2015-01-16
EPI_ISL_181546,2015-01-16
EPI_ISL_212220,2015-01-17
EPI_ISL_174959,2015-01-18
EPI_ISL_178103,2015-01-18
EPI_ISL_178106,2015-01-18
EPI_ISL_190445,2015-01-18
EPI_ISL_170982,2015-01-19
EPI_ISL_170984,2015-01-19
EPI_ISL_171579,2015-01-19
EPI_ISL_172922,2015-01-19
EPI_ISL_172924,2015-01-19
EPI_ISL_174932,2015-01-19
EPI_ISL_178105,2015-01-19
EPI_ISL_214358,2015-01-19
EPI_ISL_192112,2015-01-19
EPI_ISL_192728,2015-01-19
EPI_ISL_201739,2015-01-20
EPI_ISL_171598,2015-01-20
EPI_ISL_172919,2015-01-20
EPI_ISL_174956,2015-01-20
EPI_ISL_209041,2015-01-20
EPI_ISL_214351,2015-01-20
EPI_ISL_192133,2015-01-20
EPI_ISL_201732,2015-01-21
EPI_ISL_171240,2015-01-21
EPI_ISL_171580,2015-01-21
EPI_ISL_172312,2015-01-21
EPI_ISL_178502,2015-01-21
EPI_ISL_212786,2015-01-21
EPI_ISL_191867,2015-01-21
EPI_ISL_193122,2015-01-21
EPI_ISL_172920,2015-01-22
EPI_ISL_207125,2015-01-22
EPI_ISL_174938,2015-01-22
EPI_ISL_179232,2015-01-22
EPI_ISL_212788,2015-01-22
EPI_ISL_171582,2015-01-23
EPI_ISL_174957,2015-01-23
EPI_ISL_177605,2015-01-23
EPI_ISL_178497,2015-01-23
EPI_ISL_179263,2015-01-23
EPI_ISL_179264,2015-01-23
EPI_ISL_179272,2015-01-23
EPI_ISL_214352,2015-01-23
EPI_ISL_218432,2015-01-23
EPI_ISL_193111,2015-01-23
EPI_ISL_193112,2015-01-23
EPI_ISL_201724,2015-01-24
EPI_ISL_201753,2015-01-24
EPI_ISL_176805,2015-01-24
EPI_ISL_207126,2015-01-25
EPI_ISL_174955,2015-01-25
EPI_ISL_175272,2015-01-25
EPI_ISL_179226,2015-01-25
EPI_ISL_179225,2015-01-25
EPI_ISL_191717,2015-01-25
EPI_ISL_171584,2015-01-26
EPI_ISL_174000,2015-01-26
EPI_ISL_174958,2015-01-26
EPI_ISL_179480,2015-01-26
EPI_ISL_214359,2015-01-26
EPI_ISL_214357,2015-01-26
EPI_ISL_188707,2015-01-26
EPI_ISL_190950,2015-01-26
EPI_ISL_191659,2015-01-26
EPI_ISL_192130,2015-01-26
EPI_ISL_174002,2015-01-27
EPI_ISL_175292,2015-01-27
EPI_ISL_177604,2015-01-27
EPI_ISL_177610,2015-01-27
EPI_ISL_178494,2015-01-27
EPI_ISL_178493,2015-01-27
EPI_ISL_179218,2015-01-27
EPI_ISL_181547,2015-01-27
EPI_ISL_218434,2015-01-27
EPI_ISL_218433,2015-01-27
EPI_ISL_188719,2015-01-27
EPI_ISL_193113,2015-01-27
EPI_ISL_173184,2015-01-28
EPI_ISL_177611,2015-01-28
EPI_ISL_177612,2015-01-28
EPI_ISL_178008,2015-01-28
EPI_ISL_178496,2015-01-28
EPI_ISL_179257,2015-01-28
EPI_ISL_179262,2015-01-28
EPI_ISL_181533,2015-01-28
EPI_ISL_181691,2015-01-28
EPI_ISL_218431,2015-01-28
EPI_ISL_218442,2015-01-28
EPI_ISL_188718,2015-01-28
EPI_ISL_188717,2015-01-28
EPI_ISL_190946,2015-01-28
EPI_ISL_191849,2015-01-28
EPI_ISL_192069,2015-01-28
EPI_ISL_192628,2015-01-28
EPI_ISL_175288,2015-01-29
EPI_ISL_178109,2015-01-29
EPI_ISL_214353,2015-01-29
EPI_ISL_191658,2015-01-29
EPI_ISL_175291,2015-01-30
EPI_ISL_238386,2015-01-31
EPI_ISL_193014,2015-01-31
EPI_ISL_177608,2015-02-01
EPI_ISL_178486,2015-02-01
EPI_ISL_179236,2015-02-01
EPI_ISL_179237,2015-02-01
EPI_ISL_218436,2015-02-01
EPI_ISL_393954,2015-02-02
EPI_ISL_173993,2015-02-02
EPI_ISL_174814,2015-02-02
EPI_ISL_177439,2015-02-02
EPI_ISL_177457,2015-02-02
EPI_ISL_177607,2015-02-02
EPI_ISL_178488,2015-02-02
EPI_ISL_179223,2015-02-02
EPI_ISL_212221,2015-02-02
EPI_ISL_179482,2015-02-02
EPI_ISL_181540,2015-02-02
EPI_ISL_218435,2015-02-02
EPI_ISL_220973,2015-02-02
EPI_ISL_223345,2015-02-02
EPI_ISL_191855,2015-02-02
EPI_ISL_192049,2015-02-02
EPI_ISL_192117,2015-02-02
EPI_ISL_193607,2015-02-02
EPI_ISL_195806,2015-02-02
EPI_ISL_201725,2015-02-03
EPI_ISL_201791,2015-02-03
EPI_ISL_175290,2015-02-03
EPI_ISL_177606,2015-02-03
EPI_ISL_214371,2015-02-03
EPI_ISL_218438,2015-02-03
EPI_ISL_220979,2015-02-03
EPI_ISL_188720,2015-02-03
EPI_ISL_191834,2015-02-03
EPI_ISL_191861,2015-02-03
EPI_ISL_193013,2015-02-03
EPI_ISL_193114,2015-02-03
EPI_ISL_173999,2015-02-04
EPI_ISL_173996,2015-02-04
EPI_ISL_174009,2015-02-04
EPI_ISL_178481,2015-02-04
EPI_ISL_214363,2015-02-04
EPI_ISL_215490,2015-02-04
EPI_ISL_220978,2015-02-04
EPI_ISL_174010,2015-02-05
EPI_ISL_178102,2015-02-05
EPI_ISL_179238,2015-02-05
EPI_ISL_179244,2015-02-05
EPI_ISL_181532,2015-02-05
EPI_ISL_181539,2015-02-05
EPI_ISL_181693,2015-02-05
EPI_ISL_190444,2015-02-05
EPI_ISL_238373,2015-02-06
EPI_ISL_174011,2015-02-06
EPI_ISL_174012,2015-02-06
EPI_ISL_177440,2015-02-06
EPI_ISL_177458,2015-02-06
EPI_ISL_179171,2015-02-06
EPI_ISL_214364,2015-02-06
EPI_ISL_191851,2015-02-06
EPI_ISL_191862,2015-02-06
EPI_ISL_191870,2015-02-06
EPI_ISL_193132,2015-02-06
EPI_ISL_201726,2015-02-07
EPI_ISL_178499,2015-02-07
EPI_ISL_238363,2015-02-08
EPI_ISL_173983,2015-02-08
EPI_ISL_179239,2015-02-08
EPI_ISL_202947,2015-02-09
EPI_ISL_176756,2015-02-09
EPI_ISL_212222,2015-02-09
EPI_ISL_214365,2015-02-09
EPI_ISL_190955,2015-02-09
EPI_ISL_191435,2015-02-09
EPI_ISL_191448,2015-02-09
EPI_ISL_191850,2015-02-09
EPI_ISL_191852,2015-02-09
EPI_ISL_192047,2015-02-09
EPI_ISL_192619,2015-02-09
EPI_ISL_193115,2015-02-09
EPI_ISL_193849,2015-02-09
EPI_ISL_195803,2015-02-09
EPI_ISL_196555,2015-02-09
EPI_ISL_271346,2015-02-10
EPI_ISL_174013,2015-02-10
EPI_ISL_207485,2015-02-10
EPI_ISL_181538,2015-02-10
EPI_ISL_214368,2015-02-10
EPI_ISL_191856,2015-02-10
EPI_ISL_238351,2015-02-11
EPI_ISL_178013,2015-02-11
EPI_ISL_179245,2015-02-11
EPI_ISL_212787,2015-02-11
EPI_ISL_181535,2015-02-11
EPI_ISL_223203,2015-02-11
EPI_ISL_191872,2015-02-11
EPI_ISL_193116,2015-02-11
EPI_ISL_193117,2015-02-11
EPI_ISL_193603,2015-02-11
EPI_ISL_194842,2015-02-11
EPI_ISL_178490,2015-02-12
EPI_ISL_178495,2015-02-12
EPI_ISL_179250,2015-02-12
EPI_ISL_191662,2015-02-12
EPI_ISL_191663,2015-02-12
EPI_ISL_191660,2015-02-12
EPI_ISL_191661,2015-02-12
EPI_ISL_191666,2015-02-12
EPI_ISL_191873,2015-02-12
EPI_ISL_194821,2015-02-12
EPI_ISL_197469,2015-02-13
EPI_ISL_174017,2015-02-13
EPI_ISL_177459,2015-02-13
EPI_ISL_178110,2015-02-13
EPI_ISL_190446,2015-02-13
EPI_ISL_192118,2015-02-13
EPI_ISL_193005,2015-02-13
EPI_ISL_238341,2015-02-14
EPI_ISL_173995,2015-02-14
EPI_ISL_173997,2015-02-14
EPI_ISL_191667,2015-02-15
EPI_ISL_195927,2015-02-15
EPI_ISL_195928,2015-02-15
EPI_ISL_199501,2015-02-16
EPI_ISL_201717,2015-02-16
EPI_ISL_201717,2015-02-16
EPI_ISL_173994,2015-02-16
EPI_ISL_177452,2015-02-16
EPI_ISL_214366,2015-02-16
EPI_ISL_214372,2015-02-16
EPI_ISL_191094,2015-02-16
EPI_ISL_191665,2015-02-16
EPI_ISL_191853,2015-02-16
EPI_ISL_192050,2015-02-16
EPI_ISL_192066,2015-02-16
EPI_ISL_192129,2015-02-16
EPI_ISL_192134,2015-02-16
EPI_ISL_192135,2015-02-16
EPI_ISL_195263,2015-02-16
EPI_ISL_173998,2015-02-17
EPI_ISL_176807,2015-02-17
EPI_ISL_214361,2015-02-17
EPI_ISL_190942,2015-02-17
EPI_ISL_192048,2015-02-17
EPI_ISL_192119,2015-02-17
