col_0based,spike_pos_1based,consensus_aa,wt_aa,msa_mut_freq,n_valid,n_non_consensus,is_hotspot
0,1,M,M,0.00000000,21251,0,0
1,2,K,F,0.01566985,21251,333,1
2,3,T,V,0.01623453,21251,345,1
3,4,I,F,0.01806974,21251,384,1
4,5,I,L,0.01491695,21251,317,1
5,6,A,V,0.01472872,21251,313,1
6,7,L,L,0.00868080,21081,183,0
7,8,S,L,0.00877567,21081,185,0
8,9,Y,P,0.01351928,21081,285,0
9,10,I,L,0.00213462,21081,45,0
10,11,L,V,0.00777952,21081,164,0
11,12,C,S,0.01185902,21081,250,0
12,13,L,S,0.00958209,21081,202,0
13,14,V,Q,0.01404108,21081,296,1
14,15,F,C,0.01214364,21081,256,0
15,16,A,V,0.01698212,21081,358,1
16,17,Q,N,0.00744746,21081,157,0
17,18,K,L,0.02338599,21081,493,1
18,19,L,T,0.13457616,21081,2837,1
19,20,P,T,0.00721028,21081,152,0
20,21,G,R,0.03894502,21081,821,1
21,22,N,T,0.00901286,21081,190,0
22,23,D,Q,0.00820644,21081,173,0
23,24,N,L,0.01461031,21081,308,1
24,25,S,P,0.01005645,21081,212,0
25,26,T,P,0.01361415,21081,287,0
26,27,A,A,0.00673592,21081,142,0
27,28,T,Y,0.00891798,21081,188,0
28,29,L,T,0.00678336,21081,143,0
29,30,C,N,0.00678336,21081,143,0
30,31,L,S,0.00725772,21081,153,0
31,32,G,F,0.00687823,21081,145,0
32,33,H,T,0.00668849,21081,141,0
33,34,H,R,0.00706798,21081,149,0
34,35,A,G,0.00815901,21081,172,0
35,36,V,V,0.00697310,21081,147,0
36,37,P,Y,0.00796926,21081,168,0
37,38,N,Y,0.00692567,21081,146,0
38,39,G,P,0.00678336,21081,143,0
39,40,T,D,0.00697310,21081,147,0
40,41,I,K,0.05611954,21080,1183,1
41,42,V,V,0.00668880,21080,141,0
42,43,K,F,0.00896584,21080,189,0
43,44,T,R,0.00678368,21080,143,0
44,45,I,S,0.00687856,21080,145,0
45,46,T,S,0.00896584,21080,189,0
46,47,N,V,0.01797913,21080,379,1
47,48,D,L,0.00744782,21080,157,0
48,49,R,H,0.50028463,21080,10546,1
49,50,I,S,0.00052182,21080,11,0
50,51,E,T,0.00673624,21080,142,0
51,52,V,Q,0.00673624,21080,142,0
52,53,T,D,0.00673624,21080,142,0
53,54,N,L,0.00678368,21080,143,0
54,55,A,F,0.00673624,21080,142,0
55,56,T,L,0.00673624,21080,142,0
56,57,E,P,0.00673624,21080,142,0
57,58,L,F,0.00683112,21080,144,0
58,59,V,F,0.00706831,21080,149,0
59,60,Q,S,0.00678368,21080,143,0
60,61,N,N,0.44051233,21080,9286,1
61,62,S,V,0.00702087,21080,148,0
62,63,S,T,0.01124288,21080,237,0
63,64,I,W,0.47518975,21080,10017,1
64,65,G,F,0.01228653,21080,259,0
65,66,E,H,0.16489564,21080,3476,1
66,67,I,A,0.00716319,21080,151,0
67,68,C,I,0.00673624,21080,142,0
68,69,D,H,0.16726755,21080,3526,1
69,70,S,V,0.01138520,21080,240,0
70,71,P,S,0.00687856,21080,145,0
71,72,H,G,0.00806452,21080,170,0
72,73,Q,T,0.01921252,21080,405,1
73,74,I,N,0.00925047,21080,195,0
74,75,L,G,0.01043643,21080,220,0
75,76,D,T,0.00673624,21080,142,0
76,77,G,K,0.00668880,21080,141,0
77,78,E,R,0.06043643,21080,1274,1
78,79,N,F,0.00754269,21080,159,0
79,80,C,D,0.00673624,21080,142,0
80,81,T,N,0.00697343,21080,147,0
81,82,L,P,0.00711575,21080,150,0
82,83,I,V,0.00820683,21080,173,0
83,84,D,L,0.00678368,21080,143,0
84,85,A,P,0.00687856,21080,145,0
85,86,L,F,0.00673624,21080,142,0
86,87,L,N,0.00009488,21080,2,0
87,88,G,D,0.00673624,21080,142,0
88,89,D,G,0.00023719,21080,5,0
89,90,P,V,0.00683112,21080,144,0
90,91,Q,Y,0.05417457,21080,1142,1
91,92,C,F,0.00668880,21080,141,0
92,93,D,A,0.00678368,21080,143,0
93,94,G,S,0.01551233,21080,327,1
94,95,F,T,0.00801708,21080,169,0
95,96,Q,E,0.00047438,21080,10,0
96,97,N,K,0.00792220,21080,167,0
97,98,K,S,0.00716319,21080,151,0
98,99,K,N,0.06703036,21080,1413,1
99,100,W,I,0.00673624,21080,142,0
100,101,D,I,0.00711575,21080,150,0
101,102,L,R,0.00683112,21080,144,0
102,103,F,G,0.00787476,21080,166,0
103,104,V,W,0.01166983,21080,246,0
104,105,E,I,0.00673624,21080,142,0
105,106,R,F,0.00673624,21080,142,0
106,107,S,G,0.00877609,21080,185,0
107,108,K,T,0.03292220,21080,694,1
108,109,A,T,0.00740038,21080,156,0
109,110,Y,L,0.16043643,21080,3382,1
110,111,S,D,0.00683112,21080,144,0
111,112,N,S,0.00891841,21080,188,0
112,113,C,K,0.00673624,21080,142,0
113,114,Y,T,0.00683112,21080,144,0
114,115,P,Q,0.00683112,21080,144,0
115,116,Y,S,0.00683112,21080,144,0
116,117,D,L,0.00673624,21080,142,0
117,118,V,L,0.00673624,21080,142,0
118,119,P,I,0.00759013,21080,160,0
119,120,D,V,0.00815939,21080,172,0
120,121,Y,N,0.01024668,21080,216,0
121,122,A,N,0.03315939,21080,699,1
122,123,S,A,0.00678368,21080,143,0
123,124,L,T,0.00687856,21080,145,0
124,125,R,N,0.00697343,21080,147,0
125,126,S,V,0.00673624,21080,142,0
126,127,L,V,0.00702087,21080,148,0
127,128,V,I,0.02172676,21080,458,1
128,129,A,K,0.00683112,21080,144,0
129,130,S,V,0.00811195,21080,171,0
130,131,S,C,0.00037951,21080,8,0
131,132,G,E,0.00673624,21080,142,0
132,133,T,F,0.00687856,21080,145,0
133,134,L,Q,0.00725806,21080,153,0
134,135,E,F,0.00683112,21080,144,0
135,136,F,C,0.00673624,21080,142,0
136,137,N,N,0.01233397,21080,260,0
137,138,N,D,0.05142315,21080,1084,1
138,139,E,P,0.00673624,21080,142,0
139,140,S,F,0.01845351,21080,389,1
140,141,F,L,0.00018975,21080,4,0
141,142,N,G,0.02931689,21080,618,1
142,143,W,V,0.00673624,21080,142,0
143,144,T,Y,0.27001898,21080,5692,1
144,145,G,Y,0.00697343,21080,147,0
145,146,V,H,0.00687856,21080,145,0
146,147,T,K,0.05071157,21080,1069,1
147,148,Q,N,0.00673624,21080,142,0
148,149,N,N,0.00977230,21080,206,0
149,150,G,K,0.00018975,21080,4,0
150,151,T,S,0.00849146,21080,179,0
151,152,S,W,0.00659393,21080,139,0
152,153,S,M,0.00716319,21080,151,0
153,154,A,E,0.07533207,21080,1588,1
154,155,C,S,0.00673624,21080,142,0
155,156,I,E,0.18221063,21080,3841,1
156,157,R,F,0.00702087,21080,148,0
157,158,R,R,0.28709677,21080,6052,1
158,159,S,V,0.00716319,21080,151,0
159,160,N,Y,0.18396584,21080,3878,1
160,161,S,S,0.42860531,21080,9035,1
161,162,S,S,0.00697343,21080,147,0
162,163,F,A,0.00668880,21080,141,0
163,164,F,N,0.00668880,21080,141,0
164,165,S,N,0.00574004,21080,121,0
165,166,R,C,0.00768501,21080,162,0
166,167,L,T,0.00678368,21080,143,0
167,168,N,F,0.00678368,21080,143,0
168,169,W,E,0.00687856,21080,145,0
169,170,L,Y,0.00668880,21080,141,0
170,171,T,V,0.05118596,21080,1079,1
171,172,H,S,0.05678368,21080,1197,1
172,173,L,Q,0.08681214,21080,1830,1
173,174,N,P,0.16854839,21080,3553,1
174,175,F,F,0.24710626,21080,5209,1
175,176,K,L,0.10308349,21080,2173,1
176,177,Y,M,0.00692600,21080,146,0
177,178,P,D,0.01698292,21080,358,1
178,179,A,L,0.00702087,21080,148,0
179,180,L,E,0.00702087,21080,148,0
180,181,N,G,0.00721063,21080,152,0
181,182,V,K,0.00687856,21080,145,0
182,183,T,Q,0.00749526,21080,158,0
183,184,M,G,0.00773245,21080,163,0
184,185,P,N,0.00687856,21080,145,0
185,186,N,F,0.00014231,21080,3,0
186,187,N,K,0.01162239,21080,245,0
187,188,E,N,0.00877609,21080,185,0
188,189,Q,L,0.16835863,21080,3549,1
189,190,F,R,0.00702087,21080,148,0
190,191,D,E,0.00683112,21080,144,0
191,192,K,F,0.00673624,21080,142,0
192,193,L,V,0.00687856,21080,145,0
193,194,Y,F,0.00673624,21080,142,0
194,195,I,K,0.00725806,21080,153,0
195,196,W,N,0.00678368,21080,143,0
196,197,G,I,0.00673624,21080,142,0
197,198,V,D,0.00721063,21080,152,0
198,199,H,G,0.00820683,21080,173,0
199,200,H,Y,0.00668880,21080,141,0
200,201,P,F,0.00678368,21080,143,0
201,202,G,K,0.03353890,21080,707,1
202,203,T,I,0.00687856,21080,145,0
203,204,D,Y,0.02092030,21080,441,1
204,205,K,S,0.16726755,21080,3526,1
205,206,D,K,0.00801708,21080,169,0
206,207,Q,H,0.00673624,21080,142,0
207,208,I,T,0.01603416,21080,338,1
208,209,F,P,0.14326376,21080,3020,1
209,210,L,I,0.01314042,21080,277,0
210,211,Y,N,0.00711575,21080,150,0
211,212,A,L,0.00759013,21080,160,0
212,213,Q,V,0.01655598,21080,349,1
213,214,S,R,0.39316888,21080,8288,1
214,215,S,D,0.08429791,21080,1777,1
215,216,G,L,0.00678368,21080,143,0
216,217,R,P,0.00868121,21080,183,0
217,218,I,Q,0.04890892,21080,1031,1
218,219,T,G,0.00806452,21080,170,0
219,220,V,F,0.00744782,21080,157,0
220,221,S,S,0.00697343,21080,147,0
221,222,T,A,0.00673624,21080,142,0
222,223,K,L,0.01043643,21080,220,0
223,224,R,E,0.01347249,21080,284,0
224,225,S,P,0.00749526,21080,158,0
225,226,Q,L,0.00678368,21080,143,0
226,227,Q,V,0.00678368,21080,143,0
227,228,A,D,0.18372865,21080,3873,1
228,229,V,L,0.01005693,21080,212,0
229,230,I,P,0.01888046,21080,398,1
230,231,P,I,0.00678368,21080,143,0
231,232,N,G,0.00891841,21080,188,0
232,233,I,I,0.01204934,21080,254,0
233,234,G,N,0.00692600,21080,146,0
234,235,S,I,0.01304554,21080,275,0
235,236,R,T,0.00948767,21080,200,0
236,237,P,R,0.01475332,21080,311,1
237,238,R,F,0.04867173,21080,1026,1
238,239,I,Q,0.35474383,21080,7478,1
239,240,R,T,0.00673624,21080,142,0
240,241,N,L,0.30877609,21080,6509,1
241,242,I,L,0.09606262,21080,2025,1
242,243,P,A,0.09444972,21080,1991,1
243,244,S,L,0.00673624,21080,142,0
244,245,R,H,0.00227704,21080,48,0
245,246,I,R,0.14136622,21080,2980,1
246,247,S,S,0.00654649,21080,138,0
247,248,I,Y,0.00673624,21080,142,0
248,249,Y,L,0.00716319,21080,151,0
249,250,W,T,0.00673624,21080,142,0
250,251,T,P,0.00678368,21080,143,0
251,252,I,G,0.00806452,21080,170,0
252,253,V,D,0.00673624,21080,142,0
253,254,K,S,0.00744782,21080,157,0
254,255,P,S,0.00697343,21080,147,0
255,256,G,S,0.00678368,21080,143,0
256,257,D,G,0.00678368,21080,143,0
257,258,I,W,0.01057875,21080,223,0
258,259,L,T,0.00683112,21080,144,0
259,260,L,A,0.00673624,21080,142,0
260,261,I,G,0.00678368,21080,143,0
261,262,N,A,0.00863378,21080,182,0
262,263,S,A,0.01494307,21080,315,1
263,264,T,A,0.00730550,21080,154,0
264,265,G,Y,0.00673624,21080,142,0
265,266,N,Y,0.00673624,21080,142,0
266,267,L,V,0.00673624,21080,142,0
267,268,I,G,0.00702087,21080,148,0
268,269,A,Y,0.00683112,21080,144,0
269,270,P,L,0.00678368,21080,143,0
270,271,R,Q,0.00687856,21080,145,0
271,272,G,P,0.00673624,21080,142,0
272,273,Y,R,0.00673624,21080,142,0
273,274,F,T,0.00678368,21080,143,0
274,275,K,F,0.00801708,21080,169,0
275,276,I,L,0.01888046,21080,398,1
276,277,R,L,0.04421252,21080,932,1
277,278,S,K,0.01333017,21080,281,0
278,279,G,Y,0.00730550,21080,154,0
279,280,K,N,0.00588235,21080,124,0
280,281,S,E,0.00697343,21080,147,0
281,282,S,N,0.00668880,21080,141,0
282,283,I,G,0.00725806,21080,153,0
283,284,M,T,0.00754269,21080,159,0
284,285,R,I,0.01015180,21080,214,0
285,286,S,T,0.00018975,21080,4,0
286,287,D,D,0.01489564,21080,314,1
287,288,A,A,0.00787476,21080,166,0
288,289,P,V,0.01603416,21080,338,1
289,290,I,D,0.00706831,21080,149,0
290,291,G,C,0.00887097,21080,187,0
291,292,K,A,0.00811195,21080,171,0
292,293,C,L,0.00673624,21080,142,0
293,294,K,D,0.49008539,21080,10331,1
294,295,S,P,0.00744782,21080,157,0
295,296,E,L,0.14283681,21080,3011,1
296,297,C,S,0.00678368,21080,143,0
297,298,I,E,0.00716319,21080,151,0
298,299,T,T,0.00678368,21080,143,0
299,300,P,K,0.00735294,21080,155,0
300,301,N,C,0.00683112,21080,144,0
301,302,G,T,0.00673624,21080,142,0
302,303,S,L,0.00683112,21080,144,0
303,304,I,K,0.00706831,21080,149,0
304,305,P,S,0.00109108,21080,23,0
305,306,N,F,0.00066414,21080,14,0
306,307,D,T,0.01086338,21080,229,0
307,308,K,V,0.00773245,21080,163,0
308,309,P,E,0.00678368,21080,143,0
309,310,F,K,0.00673624,21080,142,0
310,311,Q,G,0.00668880,21080,141,0
311,312,N,I,0.00678368,21080,143,0
312,313,V,Y,0.00777989,21080,164,0
313,314,N,Q,0.00702087,21080,148,0
314,315,R,T,0.00792220,21080,167,0
315,316,I,S,0.00744782,21080,157,0
316,317,T,N,0.00735294,21080,155,0
317,318,Y,F,0.00687856,21080,145,0
318,319,G,R,0.00668880,21080,141,0
319,320,A,V,0.01622391,21080,342,1
320,321,C,Q,0.00678368,21080,143,0
321,322,P,P,0.00716319,21080,151,0
322,323,R,T,0.00725806,21080,153,0
323,324,Y,E,0.00687856,21080,145,0
324,325,V,S,0.00934535,21080,197,0
325,326,K,I,0.00749526,21080,158,0
326,327,Q,V,0.10830171,21080,2283,1
327,328,S,R,0.37111006,21080,7823,1
328,329,T,F,0.00702087,21080,148,0
329,330,L,P,0.00673624,21080,142,0
330,331,K,N,0.00028463,21080,6,0
331,332,L,I,0.00678368,21080,143,0
332,333,A,T,0.00673624,21080,142,0
333,334,T,N,0.00023719,21080,5,0
334,335,G,L,0.00673624,21080,142,0
335,336,M,C,0.00673624,21080,142,0
336,337,R,P,0.00678368,21080,143,0
337,338,N,F,0.00673624,21080,142,0
338,339,V,G,0.00801708,21080,169,0
339,340,P,E,0.00716319,21080,151,0
340,341,E,V,0.00702087,21080,148,0
341,342,K,F,0.06190702,21080,1305,1
342,343,Q,N,0.00735294,21080,155,0
343,344,T,A,0.00759013,21080,160,0
344,345,R,T,0.00721063,21080,152,0
345,346,G,R,0.00673624,21080,142,0
346,347,I,F,0.00692600,21080,146,0
347,348,F,A,0.00683112,21080,144,0
348,349,G,S,0.00673624,21080,142,0
349,350,A,V,0.00683112,21080,144,0
350,351,I,Y,0.00697343,21080,147,0
351,352,A,A,0.00678368,21080,143,0
352,353,G,W,0.00697343,21080,147,0
353,354,F,N,0.00687856,21080,145,0
354,355,I,R,0.00678368,21080,143,0
355,356,E,K,0.00678368,21080,143,0
356,357,N,R,0.00673624,21080,142,0
357,358,G,I,0.00018975,21080,4,0
358,359,W,S,0.00678368,21080,143,0
359,360,E,N,0.00692600,21080,146,0
360,361,G,C,0.00673624,21080,142,0
361,362,M,V,0.00721063,21080,152,0
362,363,V,A,0.18353890,21080,3869,1
363,364,D,D,0.00702087,21080,148,0
364,365,G,Y,0.00673624,21080,142,0
365,366,W,S,0.00683112,21080,144,0
366,367,Y,V,0.00683112,21080,144,0
367,368,G,L,0.00678368,21080,143,0
368,369,F,Y,0.00711575,21080,150,0
369,370,R,N,0.00678368,21080,143,0
370,371,H,S,0.00678368,21080,143,0
371,372,Q,A,0.00754269,21080,159,0
372,373,N,S,0.00673624,21080,142,0
373,374,S,F,0.00872865,21080,184,0
374,375,E,S,0.00692600,21080,146,0
375,376,G,T,0.00683112,21080,144,0
376,377,R,F,0.16973435,21080,3578,1
377,378,G,K,0.00697343,21080,147,0
378,379,Q,C,0.00678368,21080,143,0
379,380,A,Y,0.00687856,21080,145,0
380,381,A,G,0.00678368,21080,143,0
381,382,D,V,0.00692600,21080,146,0
382,383,L,S,0.00706831,21080,149,0
383,384,K,P,0.00735294,21080,155,0
384,385,S,T,0.00683112,21080,144,0
385,386,T,K,0.00678368,21080,143,0
386,387,Q,L,0.00678368,21080,143,0
387,388,A,N,0.01043643,21080,220,0
388,389,A,D,0.00702087,21080,148,0
389,390,I,L,0.00820683,21080,173,0
390,391,D,C,0.15735294,21080,3317,1
391,392,Q,F,0.00033207,21080,7,0
392,393,I,T,0.00683112,21080,144,0
393,394,N,N,0.00744782,21080,157,0
394,395,G,V,0.00725806,21080,153,0
395,396,K,Y,0.00697343,21080,147,0
396,397,L,A,0.00706831,21080,149,0
397,398,N,D,0.00678368,21080,143,0
398,399,R,S,0.00754269,21080,159,0
399,400,L,F,0.00678368,21080,143,0
400,401,I,V,0.00749526,21080,158,0
401,402,G,I,0.04691651,21080,989,1
402,403,K,R,0.00744782,21080,157,0
403,404,T,G,0.00683112,21080,144,0
404,405,N,D,0.00792220,21080,167,0
405,406,E,E,0.00711575,21080,150,0
406,407,K,V,0.00687856,21080,145,0
407,408,F,R,0.00687856,21080,145,0
408,409,H,Q,0.00678368,21080,143,0
409,410,Q,I,0.00683112,21080,144,0
410,411,I,A,0.00683112,21080,144,0
411,412,E,P,0.00683112,21080,144,0
412,413,K,G,0.00692600,21080,146,0
413,414,E,Q,0.00673624,21080,142,0
414,415,F,T,0.00683112,21080,144,0
415,416,S,G,0.00721063,21080,152,0
416,417,E,K,0.00066414,21080,14,0
417,418,V,I,0.00763757,21080,161,0
418,419,E,A,0.00028463,21080,6,0
419,420,G,D,0.00711575,21080,150,0
420,421,R,Y,0.00687856,21080,145,0
421,422,I,N,0.00967742,21080,204,0
422,423,Q,Y,0.00683112,21080,144,0
423,424,D,K,0.00839658,21080,177,0
424,425,L,L,0.01304554,21080,275,0
425,426,E,P,0.00683112,21080,144,0
426,427,K,D,0.00877609,21080,185,0
427,428,Y,D,0.00683112,21080,144,0
428,429,V,F,0.00910816,21080,192,0
429,430,E,T,0.00697343,21080,147,0
430,431,D,G,0.00678368,21080,143,0
431,432,T,C,0.00787476,21080,166,0
432,433,K,V,0.00683112,21080,144,0
433,434,I,I,0.00853890,21080,180,0
434,435,D,A,0.00687856,21080,145,0
435,436,L,W,0.00759013,21080,160,0
436,437,W,N,0.00678368,21080,143,0
437,438,S,S,0.00683112,21080,144,0
438,439,Y,N,0.00683112,21080,144,0
439,440,N,N,0.00887097,21080,187,0
440,441,A,L,0.00877609,21080,185,0
441,442,E,D,0.00697343,21080,147,0
442,443,L,S,0.00777989,21080,164,0
443,444,L,K,0.00759013,21080,160,0
444,445,V,V,0.00692600,21080,146,0
445,446,A,G,0.00128083,21080,27,0
446,447,L,G,0.00711575,21080,150,0
447,448,E,N,0.00683112,21080,144,0
448,449,N,Y,0.00687856,21080,145,0
449,450,Q,N,0.00706831,21080,149,0
450,451,H,Y,0.00702087,21080,148,0
451,452,T,L,0.00692600,21080,146,0
452,453,I,Y,0.00740038,21080,156,0
453,454,D,R,0.00716319,21080,151,0
454,455,L,L,0.00692600,21080,146,0
455,456,T,F,0.00711575,21080,150,0
456,457,D,R,0.00706831,21080,149,0
457,458,S,K,0.01053131,21080,222,0
458,459,E,S,0.00706831,21080,149,0
459,460,M,N,0.00697343,21080,147,0
460,461,N,L,0.00948767,21080,200,0
461,462,K,K,0.00697343,21080,147,0
462,463,L,P,0.00702087,21080,148,0
463,464,F,F,0.00687856,21080,145,0
464,465,E,E,0.00692600,21080,146,0
465,466,K,R,0.16446869,21080,3467,1
466,467,T,D,0.00692600,21080,146,0
467,468,K,I,0.01641366,21080,346,1
468,469,K,S,0.00811195,21080,171,0
469,470,Q,T,0.00687856,21080,145,0
470,471,L,E,0.00744782,21080,157,0
471,472,R,I,0.00711575,21080,150,0
472,473,E,Y,0.00687856,21080,145,0
473,474,N,Q,0.00683112,21080,144,0
474,475,A,A,0.00687856,21080,145,0
475,476,E,G,0.00687856,21080,145,0
476,477,D,S,0.00735294,21080,155,0
477,478,M,T,0.01024668,21080,216,0
478,479,G,P,0.00716319,21080,151,0
479,480,N,C,0.00683112,21080,144,0
480,481,G,N,0.00678368,21080,143,0
481,482,C,G,0.00683112,21080,144,0
482,483,F,V,0.00687856,21080,145,0
483,484,K,E,0.00996205,21080,210,0
484,485,I,G,0.00697343,21080,147,0
485,486,Y,F,0.00673624,21080,142,0
486,487,H,N,0.00683112,21080,144,0
487,488,K,C,0.00740038,21080,156,0
488,489,C,Y,0.00678368,21080,143,0
489,490,D,F,0.00754269,21080,159,0
490,491,N,P,0.00716319,21080,151,0
491,492,A,L,0.01053131,21080,222,0
492,493,C,Q,0.00678368,21080,143,0
493,494,I,S,0.00806452,21080,170,0
494,495,G,Y,0.01333017,21080,281,0
495,496,S,G,0.00697343,21080,147,0
496,497,I,F,0.00673624,21080,142,0
497,498,R,Q,0.00687856,21080,145,0
498,499,N,P,0.00702087,21080,148,0
499,500,G,T,0.00398482,21080,84,0
500,501,T,N,0.00777989,21080,164,0
501,502,Y,G,0.00678368,21080,143,0
502,503,D,V,0.11385199,21080,2400,1
503,504,H,G,0.00706831,21080,149,0
504,505,D,Y,0.19264706,21080,4061,1
505,506,V,Q,0.00811195,21080,171,0
506,507,Y,P,0.00023719,21080,5,0
507,508,R,Y,0.00683112,21080,144,0
508,509,D,R,0.01015180,21080,214,0
509,510,E,V,0.00683112,21080,144,0
510,511,A,V,0.00687856,21080,145,0
511,512,L,V,0.00725806,21080,153,0
512,513,N,L,0.00906072,21080,191,0
513,514,N,S,0.00986717,21080,208,0
514,515,R,F,0.00678368,21080,143,0
515,516,F,E,0.00716319,21080,151,0
516,517,Q,L,0.00986717,21080,208,0
517,518,I,L,0.00763757,21080,161,0
518,519,K,H,0.00920304,21080,194,0
519,520,G,A,0.00744782,21080,157,0
520,521,V,P,0.01266603,21080,267,0
521,522,E,A,0.00706831,21080,149,0
522,523,L,T,0.00683112,21080,144,0
523,524,K,V,0.00132827,21080,28,0
524,525,S,C,0.00749526,21080,158,0
525,526,G,G,0.00868121,21080,183,0
526,527,Y,P,0.00687856,21080,145,0
527,528,K,K,0.00683112,21080,144,0
528,529,D,K,0.00858634,21080,181,0
529,530,W,S,0.00683112,21080,144,0
530,531,I,T,0.01394687,21080,294,0
531,532,L,N,0.00721063,21080,152,0
532,533,W,L,0.00678368,21080,143,0
533,534,I,V,0.00683112,21080,144,0
534,535,S,K,0.00673656,21079,142,0
535,536,F,N,0.00683144,21079,144,0
536,537,A,K,0.00749561,21079,158,0
537,538,I,C,0.01650932,21079,348,1
538,539,S,V,0.00673656,21079,142,0
539,540,C,N,0.00706865,21079,149,0
540,541,F,F,0.00185018,21079,39,0
541,542,L,N,0.00678400,21079,143,0
542,543,L,F,0.00768537,21079,162,0
543,544,C,N,0.00711609,21079,150,0
544,545,V,G,0.04264908,21079,899,1
545,546,A,L,0.07690118,21079,1621,1
546,547,L,T,0.00037952,21079,8,0
547,548,L,G,0.00061673,21079,13,0
548,549,G,T,0.00678400,21079,143,0
549,550,F,G,0.00887139,21079,187,0
550,551,I,V,0.00706898,21078,149,0
551,552,M,L,0.00725875,21078,153,0
552,553,W,T,0.00687921,21078,145,0
553,554,A,E,0.00744852,21078,157,0
554,555,C,S,0.00678432,21078,143,0
555,556,Q,N,0.00706898,21078,149,0
556,557,K,K,0.00801784,21078,169,0
557,558,G,K,0.00730620,21078,154,0
558,559,N,F,0.00692665,21078,146,0
559,560,I,L,0.00773318,21078,163,0
560,561,R,P,0.00759085,21078,160,0
561,562,C,F,0.00673784,21075,142,0
562,563,N,Q,0.01048636,21075,221,0
563,564,I,Q,0.00754448,21075,159,0
564,565,C,F,0.00692764,21075,146,0
565,566,I,G,0.00716523,21074,151,0
