rank,col_0based,spike_pos_1based,consensus_aa,msa_mut_freq,is_hotspot
1,48,49,R,0.50028463,1
2,293,294,K,0.49008539,1
3,63,64,I,0.47518975,1
4,60,61,N,0.44051233,1
5,160,161,S,0.42860531,1
6,213,214,S,0.39316888,1
7,327,328,S,0.37111006,1
8,238,239,I,0.35474383,1
9,240,241,N,0.30877609,1
10,157,158,R,0.28709677,1
11,143,144,T,0.27001898,1
12,174,175,F,0.24710626,1
13,504,505,D,0.19264706,1
14,159,160,N,0.18396584,1
15,227,228,A,0.18372865,1
16,362,363,V,0.18353890,1
17,155,156,I,0.18221063,1
18,376,377,R,0.16973435,1
19,173,174,N,0.16854839,1
20,188,189,Q,0.16835863,1
21,204,205,K,0.16726755,1
22,68,69,D,0.16726755,1
23,65,66,E,0.16489564,1
24,465,466,K,0.16446869,1
25,109,110,Y,0.16043643,1
26,390,391,D,0.15735294,1
27,208,209,F,0.14326376,1
28,295,296,E,0.14283681,1
29,245,246,I,0.14136622,1
30,18,19,L,0.13457616,1
31,502,503,D,0.11385199,1
32,326,327,Q,0.10830171,1
33,175,176,K,0.10308349,1
34,241,242,I,0.09606262,1
35,242,243,P,0.09444972,1
36,172,173,L,0.08681214,1
37,214,215,S,0.08429791,1
38,545,546,A,0.07690118,1
39,153,154,A,0.07533207,1
40,98,99,K,0.06703036,1
41,341,342,K,0.06190702,1
42,77,78,E,0.06043643,1
43,171,172,H,0.05678368,1
44,40,41,I,0.05611954,1
45,90,91,Q,0.05417457,1
46,137,138,N,0.05142315,1
47,170,171,T,0.05118596,1
48,146,147,T,0.05071157,1
49,217,218,I,0.04890892,1
50,237,238,R,0.04867173,1
